short_trigger,contentFact,Mean_proj,YMin_proj,YMax_proj,Mean_ai,YMin_ai,YMax_ai
acknowledge,Charley speaks Spanish-factH,0.975,0.95,0.995,0.825,0.49333333333333335,0.9966666666666667
acknowledge,Charley speaks Spanish-factL,0.59,0.30833333333333335,0.855,0.53,0.18000000000000005,0.845
acknowledge,Danny ate the last cupcake-factH,0.715,0.41000000000000003,0.9266666666666666,0.7266666666666667,0.45333333333333337,0.9266666666666666
acknowledge,Danny ate the last cupcake-factL,0.2866666666666667,0.09000000000000002,0.5783333333333334,0.725,0.4033333333333333,0.97
acknowledge,Emily bought a car yesterday-factH,0.32833333333333337,0.05833333333333335,0.6066666666666667,0.56,0.21166666666666667,0.865
acknowledge,Emily bought a car yesterday-factL,0.5725,0.3186875,0.78125,0.70875,0.40490624999999997,0.94
acknowledge,Emma studied on Saturday morning-factH,0.552,0.25,0.85,0.7999999999999999,0.60595,0.994
acknowledge,Emma studied on Saturday morning-factL,0.69875,0.485,0.8638125,0.6975,0.41234375000000006,0.9276249999999998
acknowledge,Frank got a cat-factH,0.76,0.5487500000000001,0.93003125,0.91125,0.84746875,0.9662499999999999
acknowledge,Frank got a cat-factL,0.29800000000000004,0.10600000000000001,0.5,0.5579999999999999,0.27599999999999997,0.845099999999999
acknowledge,Grace visited her sister-factH,0.7322222222222222,0.59,0.8511944444444445,0.5744444444444444,0.3288888888888889,0.8169444444444441
acknowledge,Grace visited her sister-factL,0.75125,0.5761875,0.91875,0.8075,0.5637187499999999,0.96625
acknowledge,Isabella ate a steak on Sunday-factH,0.5533333333333333,0.36164583333333333,0.7341874999999999,0.565,0.4016458333333333,0.7275208333333333
acknowledge,Isabella ate a steak on Sunday-factL,0.552,0.288,0.826,0.69,0.432,0.946
acknowledge,Jackson ran 10 miles-factH,0.8783333333333333,0.775,0.98,0.6883333333333334,0.36833333333333335,0.9474999999999992
acknowledge,Jackson ran 10 miles-factL,0.35,0,1,0.6833333333333333,0.13,1
acknowledge,Jayden rented a car-factH,0.5888888888888889,0.3310833333333333,0.8389722222222221,0.7999999999999999,0.5844166666666667,0.9456111111111111
acknowledge,Jayden rented a car-factL,0.355,0.06746875000000002,0.65503125,0.6,0.32621875000000006,0.835
acknowledge,Jon walks to work-factH,0.8033333333333333,0.49,0.97,0.66,0.040000000000000036,0.99
acknowledge,Jon walks to work-factL,0.5569999999999999,0.364975,0.733,0.638,0.400875,0.84105
acknowledge,Josh learned to ride a bike yesterday-factH,0.7985714285714286,0.6442857142857142,0.9342857142857143,0.7271428571428571,0.5283571428571429,0.9128928571428571
acknowledge,Josh learned to ride a bike yesterday-factL,0.77,0.5221666666666667,0.9666666666666667,0.7144444444444444,0.4541944444444444,0.9356111111111112
acknowledge,Josie went on vacation to France-factH,0.815,0.69,0.94,1,1,1
acknowledge,Josie went on vacation to France-factL,0.2533333333333333,0,0.76,0.8466666666666667,0.6,1
acknowledge,Julian dances salsa-factH,0.6025,0.3075,0.825,0.6275,0.2625,0.87
acknowledge,Julian dances salsa-factL,0.39,0.36,0.42,0.385,0.12,0.65
acknowledge,Mary is pregnant-factH,0.872,0.77,0.96605,0.716,0.43599999999999994,0.9228499999999993
acknowledge,Mary is pregnant-factL,0.75,0.75,0.75,0.74,0.74,0.74
acknowledge,Mia drank 2 cocktails last night-factH,0.674,0.477975,0.8370249999999999,0.545,0.317925,0.7530749999999999
acknowledge,Mia drank 2 cocktails last night-factL,0.6125,0.4299791666666667,0.7733541666666666,0.67,0.4716041666666667,0.845
acknowledge,Olivia sleeps until noon-factH,0.59875,0.30625,0.865,0.6675,0.4124375,0.9114062499999999
acknowledge,Olivia sleeps until noon-factL,0.386,0.028000000000000025,0.744,0.608,0.23399999999999999,0.982
acknowledge,Owen shoveled snow last winter-factH,0.5233333333333333,0.020000000000000018,0.99,0.5566666666666666,0.15000000000000002,1
acknowledge,Owen shoveled snow last winter-factL,0.7,0.445,0.8960624999999991,0.7875,0.5175000000000001,0.9650000000000001
acknowledge,Sophia got a tattoo-factH,0.7225,0.245,0.99,0.4075,0,0.8575
acknowledge,Sophia got a tattoo-factL,0.41000000000000003,0.135,0.6,0.6174999999999999,0.28500000000000003,0.8925
acknowledge,Tony had a drink last night-factH,0.4342857142857143,0.19853571428571426,0.6542857142857142,0.6942857142857143,0.49421428571428566,0.9043214285714285
acknowledge,Tony had a drink last night-factL,0.22428571428571428,0.05996428571428572,0.4442857142857143,0.41285714285714287,0.17142857142857143,0.6687142857142856
acknowledge,Zoe calculated the tip-factH,0.38,0.07,0.69,0.89,0.86,0.92
acknowledge,Zoe calculated the tip-factL,0.204,0.06995000000000001,0.38999999999999996,0.764,0.48364999999999997,0.97
admit,Charley speaks Spanish-factH,0.4825,0.16499999999999998,0.8,0.965,0.9400000000000001,0.99
admit,Charley speaks Spanish-factL,0.446,0.22887500000000002,0.6960999999999998,0.791,0.589925,0.951
admit,Danny ate the last cupcake-factH,0.56375,0.26996875000000004,0.8189374999999998,0.77125,0.52125,0.99128125
admit,Danny ate the last cupcake-factL,0.30142857142857143,0.06267857142857144,0.5985714285714285,0.6271428571428571,0.26564285714285707,0.9042857142857142
admit,Emily bought a car yesterday-factH,0.53,0.3311875,0.73503125,0.57375,0.32243750000000004,0.79128125
admit,Emily bought a car yesterday-factL,0.31833333333333336,0.11333333333333334,0.605,0.47500000000000003,0.22325,0.7451249999999999
admit,Emma studied on Saturday morning-factH,0.18,0.031666666666666676,0.33999999999999997,0.35333333333333333,0.10325000000000001,0.6484583333333331
admit,Emma studied on Saturday morning-factL,0.4325,0.125,0.8075,0.65,0.23250000000000004,0.9325
admit,Frank got a cat-factH,0.3211111111111111,0.12666666666666668,0.5489166666666666,0.6688888888888889,0.4333333333333333,0.8666944444444444
admit,Frank got a cat-factL,0.515,0.15000000000000002,0.88,0.72,0.6175,0.8125
admit,Grace visited her sister-factL,0.7033333333333334,0.5133333333333333,0.8933333333333333,0.5933333333333333,0.36,1
admit,Isabella ate a steak on Sunday-factH,0.5616666666666666,0.25,0.8267916666666666,0.4766666666666667,0.2366666666666667,0.7466666666666666
admit,Isabella ate a steak on Sunday-factL,0.29400000000000004,0.038000000000000034,0.552,0.688,0.42800000000000005,0.9279999999999999
admit,Jackson ran 10 miles-factH,0.6283333333333333,0.33,0.8683333333333333,0.7283333333333334,0.5683333333333334,0.885
admit,Jackson ran 10 miles-factL,0.006666666666666666,0,0.02,0.42333333333333334,0,0.98
admit,Jayden rented a car-factH,0.6375,0.325,0.9504999999999995,0.5525,0.185,0.9199999999999999
admit,Jayden rented a car-factL,0.6214285714285714,0.34564285714285714,0.8928928571428572,0.6614285714285715,0.28571428571428575,0.9357142857142857
admit,Jon walks to work-factH,0.730909090909091,0.5299772727272728,0.8854772727272727,0.7763636363636364,0.5844318181818182,0.9299999999999999
admit,Jon walks to work-factL,0.3985714285714286,0.13857142857142857,0.7128928571428571,0.63,0.34850000000000003,0.8714285714285714
admit,Josh learned to ride a bike yesterday-factH,0.37,0.11499999999999999,0.6417083333333333,0.5700000000000001,0.32983333333333337,0.7966666666666666
admit,Josh learned to ride a bike yesterday-factL,0.3075,0.025000000000000022,0.605,0.3525,0.07750000000000001,0.79
admit,Josie went on vacation to France-factH,0.41333333333333333,0.1565833333333333,0.705,0.6466666666666666,0.326625,0.9266666666666666
admit,Josie went on vacation to France-factL,0.31666666666666665,0.11333333333333334,0.61,0.48333333333333334,0.22666666666666663,0.7317083333333333
admit,Julian dances salsa-factH,0.5271428571428571,0.2513571428571429,0.7842857142857143,0.5971428571428571,0.3213928571428572,0.8385714285714285
admit,Julian dances salsa-factL,0.24500000000000002,0.010000000000000009,0.535,0.41833333333333333,0.1333333333333333,0.7466666666666667
admit,Mary is pregnant-factH,0.5966666666666667,0.3443888888888889,0.8389166666666666,0.5855555555555555,0.4011111111111111,0.77225
admit,Mary is pregnant-factL,0.434,0.07800000000000001,0.782,0.788,0.394,0.992
admit,Mia drank 2 cocktails last night-factH,0.81,0.722,0.888,0.84,0.602,0.986
admit,Mia drank 2 cocktails last night-factL,0.37875000000000003,0.1375,0.6675,0.66875,0.43487500000000007,0.8764062499999998
admit,Olivia sleeps until noon-factH,0.39,0.209125,0.5841666666666666,0.5033333333333333,0.3266458333333333,0.6733541666666666
admit,Olivia sleeps until noon-factL,0.596,0.428,0.8,0.6799999999999999,0.494,0.8542499999999997
admit,Owen shoveled snow last winter-factH,0.764,0.648,0.892,0.708,0.522,0.866
admit,Owen shoveled snow last winter-factL,0.4033333333333333,0.15333333333333335,0.6416666666666666,0.635,0.42,0.8133333333333334
admit,Sophia got a tattoo-factH,0.5336363636363637,0.3790454545454546,0.7018409090909091,0.6281818181818182,0.4063409090909091,0.8463863636363635
admit,Sophia got a tattoo-factL,0.37,0.06333333333333335,0.6919166666666664,0.4533333333333333,0.13,0.7816666666666666
admit,Tony had a drink last night-factH,0.51,0.272,0.7680999999999999,0.654,0.342,0.912
admit,Tony had a drink last night-factL,0.195,0,0.39,0.11499999999999999,0.06999999999999995,0.16000000000000003
admit,Zoe calculated the tip-factH,0.6133333333333333,0.33999999999999997,0.84,0.8433333333333333,0.5883333333333333,0.9883333333333333
admit,Zoe calculated the tip-factL,0.7566666666666667,0.27,1,0.83,0.49,1
announce,Charley speaks Spanish-factH,0.7283333333333333,0.5033333333333333,0.9299999999999999,0.8666666666666667,0.6549583333333334,0.9866666666666667
announce,Charley speaks Spanish-factL,0.37142857142857144,0.17857142857142858,0.55,0.5028571428571429,0.25135714285714283,0.7571428571428571
announce,Danny ate the last cupcake-factH,0.6371428571428571,0.40125,0.85,0.4442857142857143,0.18564285714285716,0.7144642857142856
announce,Danny ate the last cupcake-factL,0.3,0.015000000000000013,0.6375,0.7625,0.325,0.9924999999999999
announce,Emily bought a car yesterday-factH,0.762,0.38,0.976,0.742,0.348,0.98405
announce,Emily bought a car yesterday-factL,0.314,0.055999999999999994,0.694,0.44999999999999996,0.15800000000000003,0.774
announce,Emma studied on Saturday morning-factH,0.42200000000000004,0.07200000000000001,0.762,0.654,0.278,0.984
announce,Emma studied on Saturday morning-factL,0.40166666666666667,0.195,0.6433333333333333,0.2116666666666667,0.11333333333333336,0.3
announce,Frank got a cat-factH,0.475,0.065,0.885,0.635,0.24749999999999994,0.8975
announce,Frank got a cat-factL,0.37,0.15833333333333333,0.6466666666666667,0.43666666666666665,0.1716666666666667,0.675125
announce,Grace visited her sister-factH,0.47833333333333333,0.2866666666666667,0.6700208333333334,0.695,0.4791458333333333,0.8717499999999999
announce,Grace visited her sister-factL,0.61,0.4124375,0.8176249999999998,0.51625,0.2675,0.77628125
announce,Isabella ate a steak on Sunday-factH,0.4275,0.08999999999999997,0.766062499999999,0.6225,0.26,0.9025
announce,Isabella ate a steak on Sunday-factL,0.2525,0.07250000000000001,0.48503124999999997,0.8,0.5874375000000001,0.965
announce,Jackson ran 10 miles-factH,0.22666666666666666,0.061666666666666675,0.4,0.475,0.27825000000000005,0.7050416666666666
announce,Jackson ran 10 miles-factL,0.5566666666666666,0.040000000000000036,0.96,0.76,0.29000000000000004,1
announce,Jayden rented a car-factH,0.37222222222222223,0.21666666666666667,0.5244722222222221,0.53,0.29436111111111113,0.7678055555555555
announce,Jayden rented a car-factL,0.44133333333333336,0.2553166666666667,0.6180166666666667,0.41133333333333333,0.22596666666666665,0.5894499999999999
announce,Jon walks to work-factH,0.43833333333333335,0.20995833333333336,0.6783333333333333,0.815,0.5765416666666666,0.9600416666666666
announce,Jon walks to work-factL,0.5775,0.23250000000000004,0.895,0.585,0.2,0.97
announce,Josh learned to ride a bike yesterday-factH,0.3214285714285714,0.10424999999999998,0.5828928571428571,0.6914285714285714,0.41428571428571426,0.9206428571428567
announce,Josh learned to ride a bike yesterday-factL,0.524,0.194,0.854,0.704,0.33999999999999997,0.9440999999999999
announce,Josie went on vacation to France-factH,0.86,0.665,0.98,0.545,0.09500000000000003,0.995
announce,Josie went on vacation to France-factL,0.20714285714285716,0.022857142857142854,0.48142857142857143,0.3942857142857143,0.13564285714285712,0.6600357142857143
announce,Julian dances salsa-factH,0.324,0.182,0.508,0.578,0.246,0.878
announce,Julian dances salsa-factL,0.68,0.322,0.962,0.9179999999999999,0.8099999999999999,0.984
announce,Mary is pregnant-factH,0.618,0.32,0.916,0.708,0.33999999999999997,0.9560999999999998
announce,Mary is pregnant-factL,0.505,0.010000000000000009,1,0.99,0.98,1
announce,Mia drank 2 cocktails last night-factH,0.36166666666666664,0.175,0.585,0.6483333333333333,0.37483333333333335,0.8417083333333332
announce,Mia drank 2 cocktails last night-factL,0.43875,0.16621875000000003,0.7050312499999999,0.43374999999999997,0.24615625,0.62625
announce,Olivia sleeps until noon-factH,0.516,0.286,0.77,0.834,0.7079,0.9540000000000001
announce,Olivia sleeps until noon-factL,0.4533333333333333,0.1933333333333333,0.6900833333333333,0.5033333333333333,0.2316666666666667,0.775
announce,Owen shoveled snow last winter-factH,0.41800000000000004,0.16800000000000004,0.68,0.782,0.6880000000000001,0.896
announce,Owen shoveled snow last winter-factL,0.2285714285714286,0.08285714285714285,0.4,0.5785714285714286,0.29703571428571424,0.8443928571428571
announce,Sophia got a tattoo-factH,0.77,0.575,0.9650000000000001,0.5725,0.33499999999999996,0.8125
announce,Sophia got a tattoo-factL,0.6142857142857143,0.25989285714285715,0.8785714285714286,0.5828571428571429,0.2770714285714285,0.8443928571428571
announce,Tony had a drink last night-factH,0.518,0.20800000000000002,0.826,0.608,0.258,0.952
announce,Tony had a drink last night-factL,0.33666666666666667,0.06333333333333335,0.6483333333333333,0.78,0.5566666666666666,0.95
announce,Zoe calculated the tip-factH,0.8375,0.5875,0.985,0.84,0.64,0.985
announce,Zoe calculated the tip-factL,0.38375,0.13625,0.65128125,0.73625,0.4812187499999999,0.9452812499999997
be annoyed,Charley speaks Spanish-factH,0.7737499999999999,0.5299687500000001,0.9812812499999999,0.93625,0.86125,0.9875
be annoyed,Charley speaks Spanish-factL,0.9299999999999999,0.8299722222222222,0.99225,0.9022222222222223,0.7699722222222223,0.9844722222222222
be annoyed,Danny ate the last cupcake-factH,0.975,0.925,1,0.985,0.955,1
be annoyed,Danny ate the last cupcake-factL,0.978,0.962,0.994,0.72,0.352,0.962
be annoyed,Emily bought a car yesterday-factH,0.8755555555555555,0.6966111111111112,0.98,0.8333333333333334,0.6122222222222222,0.9755555555555555
be annoyed,Emily bought a car yesterday-factL,0.624,0.23199999999999998,0.9860499999999999,0.664,0.26799999999999996,0.988
be annoyed,Emma studied on Saturday morning-factH,0.9328571428571428,0.8642857142857143,0.9828571428571429,0.8357142857142857,0.56,0.9885714285714285
be annoyed,Emma studied on Saturday morning-factL,0.7075,0.435,0.98,0.8975,0.7775,0.99
be annoyed,Frank got a cat-factH,0.91125,0.81746875,0.98125,0.96,0.91,1
be annoyed,Frank got a cat-factL,0.96,0.922,0.99,0.982,0.972,0.992
be annoyed,Grace visited her sister-factH,0.9022222222222223,0.8555555555555555,0.9455555555555556,0.8022222222222222,0.6020833333333333,0.9555555555555556
be annoyed,Grace visited her sister-factL,0.8528571428571429,0.5671428571428572,0.9985714285714286,0.9842857142857143,0.9614285714285714,0.9985714285714286
be annoyed,Isabella ate a steak on Sunday-factH,0.78,0.388,0.986,0.974,0.9420000000000001,0.998
be annoyed,Isabella ate a steak on Sunday-factL,0.8916666666666667,0.8200000000000001,0.9751249999999999,0.92,0.841625,0.9816666666666667
be annoyed,Jackson ran 10 miles-factH,0.97,0.91,1,0.97,0.91,1
be annoyed,Jackson ran 10 miles-factL,0.6666666666666666,0.030000000000000027,0.99,0.6666666666666666,0.020000000000000018,1
be annoyed,Jayden rented a car-factH,0.8160000000000001,0.48400000000000004,1,0.956,0.91,0.994
be annoyed,Jayden rented a car-factL,0.8816666666666667,0.7532916666666667,0.98,0.9766666666666667,0.9550000000000001,0.9933333333333333
be annoyed,Jon walks to work-factH,0.98,0.95,1,0.92,0.85,0.99
be annoyed,Jon walks to work-factL,0.9388888888888889,0.8910833333333333,0.9788888888888889,0.9088888888888889,0.7844166666666667,0.9866666666666667
be annoyed,Josh learned to ride a bike yesterday-factH,0.84,0.84,0.84,0.95,0.95,0.95
be annoyed,Josh learned to ride a bike yesterday-factL,0.8214285714285714,0.5542857142857143,0.9914285714285714,0.9214285714285714,0.8171428571428572,0.9942857142857143
be annoyed,Josie went on vacation to France-factH,0.88875,0.7624375,0.99125,0.8825,0.695,0.99625
be annoyed,Josie went on vacation to France-factL,0.7166666666666667,0.45495833333333335,0.9583749999999999,0.8816666666666666,0.6682916666666666,0.995
be annoyed,Julian dances salsa-factH,0.96875,0.915,1,0.91125,0.74,1
be annoyed,Julian dances salsa-factL,0.8180000000000001,0.486,1,0.794,0.458,1
be annoyed,Mary is pregnant-factH,0.97,0.94,1,0.985,0.97,1
be annoyed,Mary is pregnant-factL,0.9677777777777777,0.9277777777777778,1,0.9188888888888889,0.8444444444444444,0.9922222222222222
be annoyed,Mia drank 2 cocktails last night-factH,0.984,0.972,0.996,0.954,0.882,0.994
be annoyed,Mia drank 2 cocktails last night-factL,0.836,0.608,0.992,0.982,0.96,0.998
be annoyed,Olivia sleeps until noon-factH,0.855,0.75246875,0.96,0.85375,0.76871875,0.92875
be annoyed,Olivia sleeps until noon-factL,0.797,0.59095,0.9530249999999999,0.793,0.58,0.939025
be annoyed,Owen shoveled snow last winter-factH,0.938,0.842,0.996,0.952,0.91,0.988
be annoyed,Owen shoveled snow last winter-factL,0.585,0.3831458333333333,0.7683749999999999,0.8116666666666666,0.6816249999999999,0.92
be annoyed,Sophia got a tattoo-factH,0.8771428571428571,0.6814285714285714,0.9871428571428571,0.8528571428571429,0.6014285714285714,0.9885714285714285
be annoyed,Sophia got a tattoo-factL,0.938,0.85395,0.992,0.93,0.852,0.994
be annoyed,Tony had a drink last night-factH,0.66,0.66,0.66,1,1,1
be annoyed,Tony had a drink last night-factL,0.9775,0.9475,1,0.9875,0.97,1
be annoyed,Zoe calculated the tip-factH,0.8466666666666667,0.6516666666666666,0.9733333333333334,0.9883333333333333,0.98,0.9966666666666667
be annoyed,Zoe calculated the tip-factL,0.8842857142857142,0.7756785714285714,0.9885714285714285,0.86,0.7042857142857143,0.98
be right,Charley speaks Spanish-factH,0.4116666666666667,0.18,0.68,0.23,0.031666666666666676,0.5567499999999999
be right,Charley speaks Spanish-factL,0.115,0.012499999999999997,0.2425,0.135,0.008750000000000008,0.34128125
be right,Danny ate the last cupcake-factH,0.14166666666666666,0.024999999999999994,0.28,0.12333333333333334,0.03500000000000002,0.245
be right,Danny ate the last cupcake-factL,0.13333333333333333,0.05,0.29,0.1,0.04000000000000003,0.14
be right,Emily bought a car yesterday-factH,0.33,0.086,0.574,0.252,0.015999999999999986,0.628
be right,Emily bought a car yesterday-factL,0.054,0.012000000000000004,0.108,0.078,0.008000000000000007,0.164
be right,Emma studied on Saturday morning-factH,0.21,0.07371875,0.35750000000000004,0.095,0.03875,0.15750000000000003
be right,Emma studied on Saturday morning-factL,0.26666666666666666,0.04999999999999999,0.5599999999999999,0.11166666666666668,0.028333333333333335,0.20004166666666665
be right,Frank got a cat-factH,0.06,0.004937500000000004,0.11499999999999999,0.08000000000000002,0.015000000000000013,0.14500000000000002
be right,Frank got a cat-factL,0.078,0.034,0.124,0.31,0.07400000000000001,0.64405
be right,Grace visited her sister-factH,0.056666666666666664,0.008333333333333331,0.12333333333333332,0.155,0.04158333333333335,0.265
be right,Grace visited her sister-factL,0.27,0.08000000000000002,0.466,0.136,0.03395000000000001,0.23800000000000002
be right,Isabella ate a steak on Sunday-factH,0.24714285714285716,0.03,0.5361071428571424,0.15285714285714289,0.005714285714285727,0.43714285714285717
be right,Isabella ate a steak on Sunday-factL,0.05666666666666667,0.015,0.10666666666666667,0.22500000000000003,0.010000000000000009,0.52
be right,Jackson ran 10 miles-factH,0.22076923076923077,0.06692307692307692,0.3923076923076923,0.1976923076923077,0.059211538461538454,0.3669230769230769
be right,Jackson ran 10 miles-factL,0.10400000000000001,0.023999999999999994,0.202,0.08,0.006000000000000005,0.17
be right,Jayden rented a car-factH,0.31555555555555553,0.14552777777777776,0.5246388888888888,0.19222222222222224,0.043277777777777804,0.36669444444444443
be right,Jayden rented a car-factL,0.08428571428571428,0.038535714285714284,0.13428571428571429,0.17714285714285713,0.02285714285714288,0.3829999999999999
be right,Jon walks to work-factH,0.12,0.12,0.12,0.03000000000000002,0.03000000000000002,0.03000000000000002
be right,Jon walks to work-factL,0.03857142857142857,0.012857142857142859,0.06857142857142857,0.02428571428571429,0.004250000000000004,0.04571428571428572
be right,Josh learned to ride a bike yesterday-factH,0.12833333333333335,0.03833333333333333,0.27666666666666667,0.043333333333333335,0.0016666666666666635,0.11833333333333335
be right,Josh learned to ride a bike yesterday-factL,0.166,0.04400000000000001,0.288,0.056,0.006000000000000005,0.14400000000000002
be right,Josie went on vacation to France-factH,0.10285714285714286,0.020000000000000004,0.21446428571428558,0.028571428571428577,0.008535714285714289,0.055714285714285716
be right,Josie went on vacation to France-factL,0.26999999999999996,0.010000000000000009,0.5359999999999999,0.23800000000000002,0.020000000000000018,0.616
be right,Julian dances salsa-factH,0.29375,0.11493750000000003,0.50625,0.02875000000000002,0.015000000000000006,0.04250000000000003
be right,Julian dances salsa-factL,0.04125,0.013749999999999998,0.08,0.27875,0.03375,0.6164062499999998
be right,Mary is pregnant-factH,0.21333333333333332,0.015000000000000013,0.5316666666666666,0.42333333333333334,0.10325000000000001,0.81
be right,Mary is pregnant-factL,0.165,0.027950000000000003,0.326,0.164,0.058975000000000014,0.28709999999999986
be right,Mia drank 2 cocktails last night-factH,0.0325,0.02,0.049999999999999996,0.055000000000000014,0.0049999999999999975,0.14250000000000004
be right,Mia drank 2 cocktails last night-factL,0.11,0.006666666666666668,0.2633333333333333,0.20166666666666666,0.010000000000000009,0.5166666666666666
be right,Olivia sleeps until noon-factH,0.12000000000000001,0.020000000000000004,0.27,0.6533333333333333,0.020000000000000018,0.98
be right,Olivia sleeps until noon-factL,0.013333333333333332,0,0.03,0.013333333333333338,0.01,0.02000000000000001
be right,Owen shoveled snow last winter-factH,0.3414285714285714,0.10428571428571429,0.6173214285714286,0.19714285714285715,0.018535714285714294,0.48157142857142843
be right,Owen shoveled snow last winter-factL,0.07857142857142858,0.01571428571428571,0.15857142857142859,0.31,0.024249999999999994,0.7142857142857143
be right,Sophia got a tattoo-factH,0.24,0.24,0.24,0.25,0.25,0.25
be right,Sophia got a tattoo-factL,0.1757142857142857,0.08857142857142858,0.27142857142857146,0.09142857142857143,0.02567857142857144,0.16285714285714287
be right,Tony had a drink last night-factH,0.0375,0.010000000000000002,0.0925,0.025000000000000015,0.01,0.04756249999999999
be right,Tony had a drink last night-factL,0.38125,0.13121875,0.71003125,0.32375,0.09,0.5813125
be right,Zoe calculated the tip-factH,0.12666666666666665,0.009999999999999995,0.2833333333333333,0.13,0.043333333333333335,0.22833333333333336
be right,Zoe calculated the tip-factL,0.20625,0.058687500000000004,0.4001249999999999,0.34500000000000003,0.12740625,0.612625
confess,Charley speaks Spanish-factH,0.32,0,0.71,0.58,0.28,0.98
confess,Charley speaks Spanish-factL,0.15,0.010000000000000009,0.32,0.7966666666666666,0.7,0.96
confess,Danny ate the last cupcake-factH,0.256,0.07800000000000001,0.468,0.732,0.498,0.918
confess,Danny ate the last cupcake-factL,0.3842857142857143,0.1514285714285714,0.6285714285714286,0.58,0.3471071428571429,0.7957142857142857
confess,Emily bought a car yesterday-factH,0.35,0.08499999999999996,0.6025,0.7875,0.4475,0.99
confess,Emily bought a car yesterday-factL,0.36,0.15571428571428572,0.5714285714285714,0.6614285714285715,0.4342857142857143,0.8844285714285712
confess,Emma studied on Saturday morning-factH,0.44571428571428573,0.17714285714285716,0.74,0.5085714285714286,0.1756428571428572,0.8228928571428571
confess,Emma studied on Saturday morning-factL,0.6925,0.43499999999999994,0.95,0.22249999999999998,0.0050000000000000044,0.5875
confess,Frank got a cat-factH,0.6683333333333333,0.39333333333333337,0.8916666666666666,0.5766666666666667,0.25662500000000005,0.8950416666666667
confess,Frank got a cat-factL,0.9199999999999999,0.86,0.98,0.915,0.83,1
confess,Grace visited her sister-factH,0.5549999999999999,0.39,0.735,0.7625,0.525,1
confess,Grace visited her sister-factL,0.592,0.28600000000000003,0.874,0.688,0.348,0.9400499999999998
confess,Isabella ate a steak on Sunday-factH,0.392,0.221975,0.567025,0.652,0.371975,0.872
confess,Isabella ate a steak on Sunday-factL,0.77,0.73,0.81,0.845,0.79,0.9
confess,Jackson ran 10 miles-factH,0.445,0.21118749999999997,0.6775312499999999,0.47250000000000003,0.2924375,0.6837812499999999
confess,Jackson ran 10 miles-factL,0.53,0.28,1,0.25666666666666665,0,0.42
confess,Jayden rented a car-factH,0.69,0.47496875,0.8875624999999999,0.5125000000000001,0.2899375,0.74634375
confess,Jayden rented a car-factL,0.13,0,0.39,0.8133333333333334,0.47,1
confess,Jon walks to work-factH,0.5833333333333334,0.37880555555555556,0.7766944444444444,0.68,0.46549999999999997,0.8701111111111111
confess,Jon walks to work-factL,0.3781818181818182,0.15811363636363635,0.6219318181818181,0.6309090909090909,0.4226818181818182,0.8672954545454545
confess,Josh learned to ride a bike yesterday-factH,0.7328571428571429,0.4785714285714286,0.9299999999999999,0.6257142857142857,0.33714285714285713,0.8842857142857142
confess,Josh learned to ride a bike yesterday-factL,0.504,0.20799999999999996,0.778,0.61,0.27,0.9259999999999999
confess,Josie went on vacation to France-factH,0.6174999999999999,0.265,0.98,0.99,0.9824999999999999,0.9975
confess,Josie went on vacation to France-factL,0.3011111111111111,0.11888888888888888,0.5000277777777777,0.6266666666666667,0.41555555555555557,0.8189166666666666
confess,Julian dances salsa-factH,0.4714285714285714,0.19839285714285715,0.7443928571428571,0.8628571428571429,0.63,0.99
confess,Julian dances salsa-factL,0.665,0.311625,0.9583333333333333,0.9349999999999999,0.845,0.98
confess,Mary is pregnant-factH,0.5414285714285715,0.25660714285714287,0.79,0.58,0.2813214285714286,0.8600357142857142
confess,Mary is pregnant-factL,0.29555555555555557,0.11441666666666667,0.5022222222222222,0.5266666666666667,0.2910277777777778,0.7589444444444444
confess,Mia drank 2 cocktails last night-factH,0.41000000000000003,0.07,0.89,0.42333333333333334,0.020000000000000018,0.92
confess,Mia drank 2 cocktails last night-factL,0.325,0.010000000000000009,0.64,0.495,0.020000000000000018,0.97
confess,Olivia sleeps until noon-factH,0.6416666666666666,0.37483333333333335,0.8850833333333333,0.7316666666666667,0.5432083333333333,0.9166666666666666
confess,Olivia sleeps until noon-factL,0.15333333333333335,0,0.2649999999999985,0.9133333333333333,0.8200000000000001,0.98
confess,Owen shoveled snow last winter-factH,0.4388888888888889,0.2155277777777778,0.6423055555555555,0.7166666666666667,0.5076388888888889,0.8811111111111111
confess,Owen shoveled snow last winter-factL,0.568,0.28200000000000003,0.794,0.594,0.444,0.744
confess,Sophia got a tattoo-factH,0.3618181818181818,0.19179545454545455,0.5363863636363636,0.5490909090909091,0.3518181818181818,0.7563636363636363
confess,Sophia got a tattoo-factL,0.5655555555555556,0.33108333333333334,0.8145277777777776,0.4855555555555555,0.1933055555555555,0.78
confess,Tony had a drink last night-factH,0.4942857142857143,0.21567857142857144,0.7529285714285714,0.34142857142857147,0.11564285714285716,0.5729642857142857
confess,Tony had a drink last night-factL,0.31857142857142856,0.08857142857142858,0.5930714285714284,0.6771428571428572,0.40707142857142853,0.8986071428571428
confess,Zoe calculated the tip-factH,0.705,0.435,0.9333333333333333,0.6216666666666667,0.3012083333333334,0.9066666666666666
confess,Zoe calculated the tip-factL,0.57375,0.38984375000000004,0.7413749999999999,0.69375,0.3970000000000001,0.9425
confirm,Charley speaks Spanish-factH,0.20833333333333331,0.11499999999999999,0.2866666666666667,0.31999999999999995,0.04833333333333334,0.6483333333333333
confirm,Charley speaks Spanish-factL,0.286,0.055999999999999994,0.626,0.376,0.154,0.7
confirm,Danny ate the last cupcake-factH,0.39166666666666666,0.07666666666666666,0.7369999999999998,0.195,0.008333333333333331,0.5250416666666666
confirm,Danny ate the last cupcake-factL,0.29375,0.15746875,0.44503125,0.195,0.047468750000000004,0.43878125
confirm,Emily bought a car yesterday-factH,0.41833333333333333,0.17495833333333333,0.6483333333333333,0.32,0.1,0.5466666666666666
confirm,Emily bought a car yesterday-factL,0.17333333333333334,0,0.31,0.12333333333333332,0.040000000000000036,0.19999999999999996
confirm,Emma studied on Saturday morning-factH,0.23,0.010000000000000009,0.45,0.43499999999999994,0.14499999999999996,0.77
confirm,Emma studied on Saturday morning-factL,0.26,0.05495833333333333,0.54,0.4083333333333333,0.08666666666666667,0.7421666666666662
confirm,Frank got a cat-factH,0.20400000000000001,0.11000000000000001,0.278,0.45,0.208,0.74
confirm,Frank got a cat-factL,0.1433333333333333,0,0.41,0.08333333333333333,0,0.21999999999999997
confirm,Grace visited her sister-factH,0.48250000000000004,0.21000000000000002,0.755,0.3025,0.057499999999999996,0.625
confirm,Grace visited her sister-factL,0.22571428571428573,0.04853571428571429,0.4374285714285712,0.27285714285714285,0.0999642857142857,0.5228571428571429
confirm,Isabella ate a steak on Sunday-factH,0.04666666666666667,0,0.13,0.43666666666666665,0.15000000000000002,1
confirm,Isabella ate a steak on Sunday-factL,0.31333333333333335,0,0.92,0.33333333333333337,0,0.99
confirm,Jackson ran 10 miles-factH,0.2,0.0775,0.3513124999999999,0.37375,0.17125,0.5837812499999999
confirm,Jackson ran 10 miles-factL,0.3338461538461538,0.18076923076923077,0.49849999999999994,0.4115384615384615,0.23303846153846153,0.5915961538461538
confirm,Jayden rented a car-factH,0.44,0.16799999999999998,0.736,0.256,0.066,0.526
confirm,Jayden rented a car-factL,0.222,0.010000000000000009,0.434,0.152,0.006000000000000005,0.346
confirm,Jon walks to work-factH,0.16,0.05399999999999999,0.306,0.576,0.29145,0.858
confirm,Jon walks to work-factL,0.36750000000000005,0.044999999999999984,0.7575,0.28500000000000003,0,0.6900000000000001
confirm,Josh learned to ride a bike yesterday-factH,0.5666666666666667,0.22999999999999998,0.98,0.9266666666666666,0.81,1
confirm,Josh learned to ride a bike yesterday-factL,0.11857142857142856,0.01714285714285714,0.2785714285714286,0.5142857142857142,0.23424999999999996,0.8542857142857143
confirm,Josie went on vacation to France-factH,0.3,0.07710714285714285,0.5529285714285713,0.1842857142857143,0.022857142857142854,0.45285714285714285
confirm,Josie went on vacation to France-factL,0.12714285714285714,0.03,0.2342857142857143,0.5942857142857143,0.27278571428571424,0.8842857142857142
confirm,Julian dances salsa-factH,0.218,0.048000000000000015,0.426,0.498,0.16780000000000006,0.854
confirm,Julian dances salsa-factL,0.14200000000000002,0.076,0.21000000000000002,0.07999999999999999,0.01800000000000001,0.174
confirm,Mary is pregnant-factH,0.318,0.062,0.5720999999999999,0.408,0.12199999999999994,0.71
confirm,Mary is pregnant-factL,0.07250000000000001,0.026249999999999996,0.12631249999999994,0.25375,0.08250000000000002,0.48374999999999996
confirm,Mia drank 2 cocktails last night-factH,0.25,0.07621875,0.39875,0.39,0.16125,0.6653749999999997
confirm,Mia drank 2 cocktails last night-factL,0.25875,0.048687499999999995,0.54125,0.48,0.28496875,0.6913124999999999
confirm,Olivia sleeps until noon-factH,0.33,0.155,0.5018333333333332,0.27666666666666667,0.05666666666666667,0.5852499999999997
confirm,Olivia sleeps until noon-factL,0.26666666666666666,0.06666666666666668,0.48,0.22333333333333336,0.08666666666666667,0.36858333333333315
confirm,Owen shoveled snow last winter-factH,0.1366666666666667,0.013333333333333336,0.31666666666666665,0.18333333333333332,0.03329166666666669,0.36
confirm,Owen shoveled snow last winter-factL,0.203,0.07597500000000001,0.38,0.458,0.185,0.7180499999999999
confirm,Sophia got a tattoo-factH,0.08499999999999999,0.013333333333333336,0.20333333333333334,0.3516666666666667,0.031625000000000014,0.8166666666666667
confirm,Sophia got a tattoo-factL,0.23,0.04600000000000001,0.41400000000000003,0.40599999999999997,0.08600000000000002,0.726
confirm,Tony had a drink last night-factH,0.155,0.04666666666666666,0.27999999999999997,0.4683333333333334,0.21825000000000006,0.728375
confirm,Tony had a drink last night-factL,0.03375,0.009999999999999998,0.07,0.29500000000000004,0.03496874999999999,0.61875
confirm,Zoe calculated the tip-factH,0.086,0.020000000000000004,0.178,0.254,0.018000000000000016,0.644
confirm,Zoe calculated the tip-factL,0.23090909090909092,0.09722727272727275,0.36272727272727273,0.20909090909090908,0.12636363636363637,0.30184090909090905
demonstrate,Charley speaks Spanish-factH,0.4445454545454545,0.25722727272727275,0.6363636363636364,0.5690909090909091,0.36361363636363636,0.7736363636363637
demonstrate,Charley speaks Spanish-factL,0.13333333333333333,0.009999999999999995,0.37,0.8433333333333334,0.55,0.99
demonstrate,Danny ate the last cupcake-factH,0.424,0.268,0.688,0.746,0.47400000000000003,0.996
demonstrate,Danny ate the last cupcake-factL,0.52,0.2733333333333333,0.7785416666666665,0.8633333333333333,0.715,0.97
demonstrate,Emily bought a car yesterday-factH,0.36428571428571427,0.19417857142857142,0.5271428571428571,0.3585714285714286,0.1685357142857143,0.6028571428571429
demonstrate,Emily bought a car yesterday-factL,0.29,0.12246874999999999,0.4513124999999999,0.325,0.13871875,0.5550937499999998
demonstrate,Emma studied on Saturday morning-factH,0.3775,0.010000000000000009,0.755,0.51,0.10250000000000004,0.8525
demonstrate,Emma studied on Saturday morning-factL,0.302,0.02999999999999997,0.604,0.598,0.238,0.952
demonstrate,Frank got a cat-factH,0.3516666666666667,0.15333333333333335,0.59,0.72,0.46820833333333334,0.9333333333333333
demonstrate,Frank got a cat-factL,0.29,0.030000000000000027,0.668,0.262,0.05000000000000002,0.594
demonstrate,Grace visited her sister-factH,0.47125,0.22125,0.7075312500000001,0.68875,0.43871875000000005,0.89875
demonstrate,Grace visited her sister-factL,0.25,0.06333333333333332,0.455,0.5233333333333333,0.2683333333333333,0.7633749999999999
demonstrate,Isabella ate a steak on Sunday-factH,0.105,0.026666666666666672,0.185,0.5366666666666666,0.24333333333333335,0.8049999999999999
demonstrate,Isabella ate a steak on Sunday-factL,0.48,0,0.96,0.78,0.575,0.985
demonstrate,Jackson ran 10 miles-factH,0.3414285714285714,0.14135714285714285,0.5814642857142857,0.5028571428571429,0.26996428571428577,0.7428571428571429
demonstrate,Jackson ran 10 miles-factL,0.05857142857142857,0.0285,0.09857142857142857,0.3871428571428571,0.12996428571428575,0.6701428571428572
demonstrate,Jayden rented a car-factH,0.252,0.09575,0.41605000000000003,0.334,0.152,0.5
demonstrate,Jayden rented a car-factL,0.17615384615384616,0.062250000000000014,0.3161538461538462,0.3853846153846154,0.1906346153846154,0.5892884615384615
demonstrate,Jon walks to work-factH,0.5271428571428571,0.2768928571428571,0.7671785714285714,0.6328571428571429,0.36710714285714285,0.8685714285714285
demonstrate,Jon walks to work-factL,0.298,0.03199999999999997,0.63,0.32,0.07200000000000001,0.666
demonstrate,Josh learned to ride a bike yesterday-factH,0.355,0.13875,0.6137812500000001,0.34125,0.10371875,0.6214687499999998
demonstrate,Josh learned to ride a bike yesterday-factL,0.4457142857142857,0.19839285714285715,0.6728571428571428,0.2671428571428571,0.12571428571428572,0.44149999999999995
demonstrate,Josie went on vacation to France-factH,0.2671428571428571,0.09,0.46435714285714275,0.4342857142857143,0.14410714285714288,0.7243571428571429
demonstrate,Josie went on vacation to France-factL,0.2366666666666667,0.04999999999999999,0.34,0.48333333333333334,0.06999999999999995,0.84
demonstrate,Julian dances salsa-factH,0.3375,0.1711875,0.5025312499999999,0.53625,0.27237500000000003,0.76875
demonstrate,Julian dances salsa-factL,0.42125,0.23243750000000002,0.59875,0.4525,0.22240625,0.70375
demonstrate,Mary is pregnant-factH,0.79,0.605,0.975,0.69,0.39,0.99
demonstrate,Mary is pregnant-factL,0.31,0.033999999999999975,0.676,0.692,0.3,0.992
demonstrate,Mia drank 2 cocktails last night-factH,0.432,0.122,0.742,0.47600000000000003,0.3460000000000001,0.6242499999999997
demonstrate,Mia drank 2 cocktails last night-factL,0.26142857142857145,0.03142857142857142,0.5343571428571428,0.7428571428571429,0.4585357142857143,0.9742857142857143
demonstrate,Olivia sleeps until noon-factH,0.29,0.10666666666666666,0.5867083333333334,0.47,0.16999999999999998,0.79
demonstrate,Olivia sleeps until noon-factL,0.31000000000000005,0,0.91,0.32999999999999996,0,0.97
demonstrate,Owen shoveled snow last winter-factH,0.4542857142857143,0.2712142857142857,0.6615714285714284,0.5971428571428572,0.32275000000000004,0.8314285714285714
demonstrate,Owen shoveled snow last winter-factL,0.505,0.3065833333333333,0.7234166666666666,0.8416666666666667,0.696625,0.9666666666666667
demonstrate,Sophia got a tattoo-factH,0.3525,0.1175,0.605,0.77,0.44500000000000006,0.965
demonstrate,Sophia got a tattoo-factL,0.665,0.33,1,0.675,0.5900000000000001,0.76
demonstrate,Tony had a drink last night-factH,0.28500000000000003,0.09000000000000002,0.545,0.28250000000000003,0.12406250000000008,0.45499999999999996
demonstrate,Tony had a drink last night-factL,0.20875,0.058718750000000014,0.42375,0.37,0.17746874999999998,0.5901249999999998
demonstrate,Zoe calculated the tip-factH,0.16799999999999998,0.021999999999999992,0.374,0.438,0.11000000000000004,0.752
demonstrate,Zoe calculated the tip-factL,0.23666666666666666,0.08833333333333335,0.385,0.835,0.6516666666666666,0.9733333333333334
discover,Charley speaks Spanish-factH,0.7825,0.4975,0.985,0.94,0.8325,0.9975
discover,Charley speaks Spanish-factL,0.6671428571428571,0.4642857142857143,0.8643214285714286,0.8328571428571429,0.6671428571428571,0.9657142857142856
discover,Danny ate the last cupcake-factH,0.61,0,0.98,0.8466666666666667,0.5700000000000001,1
discover,Danny ate the last cupcake-factL,0.6544444444444445,0.42211111111111116,0.8755555555555555,0.5555555555555556,0.2910555555555555,0.8088888888888889
discover,Emily bought a car yesterday-factH,0.41400000000000003,0.14955000000000002,0.678,0.68,0.318,0.9241499999999999
discover,Emily bought a car yesterday-factL,0.8225,0.69240625,0.9437812499999999,0.91125,0.8425,0.9725312500000001
discover,Emma studied on Saturday morning-factH,0.298,0.028000000000000025,0.5680000000000001,0.604,0.394,0.8420000000000001
discover,Emma studied on Saturday morning-factL,0.6475,0.3175,0.905,0.7,0.595,0.8475
discover,Frank got a cat-factH,0.8828571428571429,0.79,0.9686071428571428,0.7928571428571428,0.58425,0.9414285714285714
discover,Frank got a cat-factL,0.8814285714285715,0.7899285714285715,0.9586071428571428,0.7571428571428571,0.4741785714285714,0.9857142857142857
discover,Grace visited her sister-factH,0.74,0.382,0.966,0.806,0.528,0.974
discover,Grace visited her sister-factL,0.5314285714285715,0.21275,0.82575,0.58,0.3028214285714286,0.8472142857142856
discover,Isabella ate a steak on Sunday-factH,0.66,0.53,0.822,0.692,0.39,0.946
discover,Isabella ate a steak on Sunday-factL,0.496,0.247975,0.7421749999999999,0.5589999999999999,0.33685,0.78105
discover,Jackson ran 10 miles-factH,0.835,0.67,1,0.375,0,0.75
discover,Jackson ran 10 miles-factL,0.77,0.478,0.948,0.868,0.712,0.988
discover,Jayden rented a car-factH,0.8009999999999999,0.59685,0.942025,0.71,0.494925,0.898
discover,Jayden rented a car-factL,0.40599999999999997,0.11599999999999999,0.684,0.84,0.654,0.974
discover,Jon walks to work-factH,0.584,0.242,0.9339999999999999,0.684,0.338,0.954
discover,Jon walks to work-factL,0.8242857142857143,0.68,0.9571785714285714,0.47000000000000003,0.24842857142857144,0.7257142857142858
discover,Josh learned to ride a bike yesterday-factH,0.6755555555555556,0.44552777777777774,0.8889166666666667,0.8833333333333333,0.7621944444444444,0.9677777777777777
discover,Josh learned to ride a bike yesterday-factL,0.2575,0.015000000000000013,0.6675,0.7324999999999999,0.455,0.99
discover,Josie went on vacation to France-factH,0.9175,0.835,1,0.6575,0.26749999999999996,0.89
discover,Josie went on vacation to France-factL,0.5033333333333333,0.19666666666666666,0.7884999999999998,0.7783333333333333,0.44833333333333336,0.9733333333333334
discover,Julian dances salsa-factH,0.685,0.245,0.96,0.7325,0.29250000000000004,0.99
discover,Julian dances salsa-factL,0.5681818181818182,0.3208636363636364,0.7991818181818181,0.5890909090909091,0.3554318181818182,0.8000681818181818
discover,Mary is pregnant-factH,0.845,0.6799999999999999,0.9916666666666667,0.71,0.3983333333333334,0.97
discover,Mary is pregnant-factL,0.7783333333333333,0.455,0.9833333333333334,0.95,0.875,0.995
discover,Mia drank 2 cocktails last night-factH,0.9175,0.8375,0.975,0.8225,0.505,0.9924999999999999
discover,Mia drank 2 cocktails last night-factL,0.905,0.745,0.9975,0.98,0.9524999999999999,0.9975
discover,Olivia sleeps until noon-factH,0.6875,0.2625,0.995,0.8325,0.5974999999999999,0.99
discover,Olivia sleeps until noon-factL,0.886,0.696,0.994,0.682,0.306,0.9604999999999996
discover,Owen shoveled snow last winter-factH,0.6133333333333334,0.36625,0.8469166666666664,0.5916666666666667,0.27,0.8733749999999999
discover,Owen shoveled snow last winter-factL,0.49857142857142855,0.14710714285714288,0.8142857142857143,0.6771428571428572,0.34992857142857153,0.9614285714285714
discover,Sophia got a tattoo-factH,0.882,0.708,0.988,0.722,0.38400000000000006,0.95
discover,Sophia got a tattoo-factL,0.5666666666666667,0.27166666666666667,0.8433333333333333,0.8716666666666667,0.6266666666666667,0.9966666666666667
discover,Tony had a drink last night-factH,0.5766666666666667,0.26441666666666663,0.8778055555555555,0.7466666666666667,0.47208333333333335,0.9844722222222222
discover,Tony had a drink last night-factL,0.706,0.37195,0.924,0.648,0.3118,0.9121999999999998
discover,Zoe calculated the tip-factH,0.54625,0.31,0.76003125,0.335,0.14875000000000002,0.54625
discover,Zoe calculated the tip-factL,0.58,0.339875,0.8250624999999999,0.58125,0.33487500000000003,0.7925937499999999
establish,Charley speaks Spanish-factH,0.26,0.059958333333333336,0.548375,0.2166666666666667,0.031666666666666676,0.4916666666666667
establish,Charley speaks Spanish-factL,0.4355555555555556,0.2066388888888889,0.6733611111111111,0.5177777777777778,0.2866666666666667,0.7677777777777778
establish,Danny ate the last cupcake-factH,0.36,0.008000000000000007,0.732,0.784,0.516,0.992
establish,Danny ate the last cupcake-factL,0.12777777777777777,0.037750000000000006,0.23002777777777778,0.5133333333333333,0.28555555555555556,0.7355833333333333
establish,Emily bought a car yesterday-factH,0.34555555555555556,0.19219444444444445,0.5078055555555555,0.25555555555555554,0.18330555555555553,0.3355833333333333
establish,Emily bought a car yesterday-factL,0.58,0.26166666666666666,0.9033333333333333,0.8133333333333334,0.48,1
establish,Emma studied on Saturday morning-factH,0.244,0.127,0.3590249999999999,0.35800000000000004,0.171,0.5770249999999999
establish,Emma studied on Saturday morning-factL,0.24375,0.07499999999999998,0.43506249999999996,0.29874999999999996,0.12124999999999997,0.53878125
establish,Frank got a cat-factH,0.24500000000000002,0.010000000000000009,0.6926874999999998,0.2525,0.015000000000000013,0.5975
establish,Frank got a cat-factL,0.21714285714285717,0.1,0.36289285714285713,0.30142857142857143,0.1385714285714286,0.5442857142857143
establish,Grace visited her sister-factH,0.45499999999999996,0.06,0.85,0.51,0.020000000000000018,1
establish,Grace visited her sister-factL,0.2533333333333333,0.033333333333333326,0.565,0.43666666666666665,0.1233333333333333,0.7816666666666666
establish,Isabella ate a steak on Sunday-factH,0.28833333333333333,0.09833333333333333,0.47337499999999993,0.41833333333333333,0.1599583333333333,0.6733333333333333
establish,Isabella ate a steak on Sunday-factL,0.195,0.06,0.33,0.30500000000000005,0.040000000000000036,0.5700000000000001
establish,Jackson ran 10 miles-factH,0.04,0.03,0.05,0.505,0.020000000000000018,0.99
establish,Jackson ran 10 miles-factL,0.196,0.032,0.41507499999999986,0.222,0.07090000000000002,0.4091499999999999
establish,Jayden rented a car-factH,0.12666666666666668,0.0050000000000000044,0.3016666666666667,0.38666666666666666,0.18499999999999997,0.6667083333333332
establish,Jayden rented a car-factL,0.13666666666666666,0.04000000000000001,0.29,0.5166666666666666,0.07999999999999996,0.81
establish,Jon walks to work-factH,0.41625,0.15818750000000004,0.6775,0.67625,0.47746875,0.85
establish,Jon walks to work-factL,0.17285714285714285,0.06142857142857143,0.29857142857142854,0.4514285714285714,0.19714285714285718,0.7186071428571429
establish,Josh learned to ride a bike yesterday-factH,0.23857142857142857,0.0657142857142857,0.4873214285714284,0.5928571428571429,0.3011785714285714,0.9071428571428571
establish,Josh learned to ride a bike yesterday-factL,0.213,0.095975,0.3490749999999999,0.517,0.28395,0.7521749999999998
establish,Josie went on vacation to France-factH,0.366,0.08400000000000002,0.706,0.25,0.02400000000000002,0.624
establish,Josie went on vacation to France-factL,0.20777777777777776,0.05666666666666667,0.44111111111111106,0.39333333333333337,0.1422222222222222,0.6656388888888888
establish,Julian dances salsa-factH,0.11124999999999999,0.036250000000000004,0.19628125,0.3025,0.09875,0.55625
establish,Julian dances salsa-factL,0.31499999999999995,0.030000000000000027,0.6,0.29000000000000004,0.040000000000000036,0.54
establish,Mary is pregnant-factH,0.5366666666666666,0.10999999999999999,0.99,0.16999999999999998,0.010000000000000009,0.48
establish,Mary is pregnant-factL,0.34,0.10285714285714287,0.64,0.14714285714285716,0.0028571428571428636,0.37
establish,Mia drank 2 cocktails last night-factH,0.18400000000000002,0.032,0.36439999999999967,0.28200000000000003,0.014000000000000012,0.632
establish,Mia drank 2 cocktails last night-factL,0.24714285714285716,0.10282142857142859,0.4185714285714286,0.35857142857142854,0.11710714285714285,0.6228928571428571
establish,Olivia sleeps until noon-factH,0.43,0.21300000000000005,0.6433333333333333,0.4883333333333334,0.22333333333333338,0.7266666666666667
establish,Olivia sleeps until noon-factL,0.22,0.08285714285714288,0.37714285714285717,0.24285714285714285,0.03,0.5242857142857142
establish,Owen shoveled snow last winter-factH,0.255,0.01999999999999999,0.49,0.08999999999999997,0.07999999999999996,0.09999999999999998
establish,Owen shoveled snow last winter-factL,0.1525,0.035,0.27999999999999997,0.47,0.16000000000000003,0.78
establish,Sophia got a tattoo-factH,0.41333333333333333,0.09666666666666668,0.7666666666666667,0.4816666666666667,0.15500000000000003,0.8334166666666665
establish,Sophia got a tattoo-factL,0.2833333333333333,0.09666666666666668,0.5620416666666663,0.49833333333333335,0.22666666666666668,0.7766666666666666
establish,Tony had a drink last night-factH,0.4842857142857143,0.33421428571428574,0.6785714285714286,0.33285714285714285,0.19857142857142857,0.4471428571428571
establish,Tony had a drink last night-factL,0.1275,0.020000000000000004,0.295,0.36249999999999993,0.21499999999999997,0.5774999999999999
establish,Zoe calculated the tip-factH,0.24714285714285714,0.07142857142857142,0.5143928571428571,0.39571428571428574,0.12285714285714289,0.68575
establish,Zoe calculated the tip-factL,0.3125,0.08499999999999999,0.6125,0.2675,0.015000000000000013,0.525
hear,Charley speaks Spanish-factH,0.7975,0.605,0.99,0.765,0.36250000000000004,1
hear,Charley speaks Spanish-factL,0.5866666666666667,0.24912500000000004,0.9067083333333332,0.485,0.23333333333333334,0.7300833333333332
hear,Danny ate the last cupcake-factH,0.6418181818181818,0.4499772727272727,0.8200681818181818,0.9336363636363636,0.8617954545454546,0.9836363636363636
hear,Danny ate the last cupcake-factL,0.6666666666666666,0.07999999999999996,0.98,0.66,0.56,0.85
hear,Emily bought a car yesterday-factH,0.85,0.72,0.98,0.33,0.17000000000000004,0.49
hear,Emily bought a car yesterday-factL,0.5664285714285714,0.35928571428571426,0.785,0.7828571428571429,0.6005,0.9471607142857142
hear,Emma studied on Saturday morning-factH,0.69375,0.43875000000000003,0.93628125,0.95,0.865,1
hear,Emma studied on Saturday morning-factL,0.21500000000000002,0.1,0.33,0.495,0.24,0.75
hear,Frank got a cat-factH,0.6722222222222223,0.43777777777777777,0.87225,0.8933333333333333,0.7788888888888889,0.9666666666666667
hear,Frank got a cat-factL,1,1,1,0,0,0
hear,Grace visited her sister-factH,0.5599999999999999,0.3388055555555556,0.7711944444444443,0.7244444444444444,0.5399722222222223,0.8766944444444444
hear,Grace visited her sister-factL,0.705,0.41,1,0.925,0.86,0.99
hear,Isabella ate a steak on Sunday-factH,0.6361538461538462,0.4406923076923077,0.8231153846153845,0.7407692307692307,0.5361538461538461,0.9100192307692309
hear,Isabella ate a steak on Sunday-factL,0.7385714285714285,0.47853571428571423,0.9271428571428572,0.6285714285714286,0.3157142857142857,0.9028571428571428
hear,Jackson ran 10 miles-factH,0.694,0.382,0.946,0.892,0.784,0.996
hear,Jackson ran 10 miles-factL,0.7979999999999999,0.6599999999999999,0.922,0.708,0.428,0.952
hear,Jayden rented a car-factH,0.726,0.41800000000000004,0.932,0.666,0.326,0.904
hear,Jayden rented a car-factL,0.4625,0.015000000000000013,0.9099999999999999,0.625,0.19475000000000003,0.9199999999999999
hear,Jon walks to work-factH,0.638,0.34,0.892,0.646,0.304,0.974
hear,Jon walks to work-factL,0.8633333333333333,0.7,1,0.9033333333333333,0.71,1
hear,Josh learned to ride a bike yesterday-factH,0.9266666666666666,0.8166666666666667,0.9933333333333333,0.9616666666666667,0.925,0.9933333333333333
hear,Josh learned to ride a bike yesterday-factL,0.7666666666666667,0.49162500000000003,0.9483333333333334,0.9333333333333333,0.8683333333333334,0.9867083333333334
hear,Josie went on vacation to France-factH,0.6385714285714286,0.3685,0.88,0.4685714285714286,0.20428571428571435,0.7400357142857142
hear,Josie went on vacation to France-factL,0.3057142857142857,0.021392857142857158,0.5942857142857143,0.9214285714285714,0.7957142857142857,0.9885714285714285
hear,Julian dances salsa-factH,0.63,0.31983333333333336,0.9166666666666666,0.6816666666666666,0.37666666666666665,0.9466666666666667
hear,Julian dances salsa-factL,0.776,0.488,0.97,0.646,0.302,0.954
hear,Mary is pregnant-factH,0.87,0.7771071428571428,0.9457142857142857,0.8414285714285714,0.6614285714285715,0.9728571428571429
hear,Mary is pregnant-factL,0.8966666666666666,0.82,1,0.97,0.93,1
hear,Mia drank 2 cocktails last night-factH,0.9628571428571429,0.9171428571428571,0.9928571428571429,0.8428571428571429,0.5599642857142856,0.9914285714285714
hear,Mia drank 2 cocktails last night-factL,0.786,0.66795,0.898,0.782,0.5339999999999999,0.962
hear,Olivia sleeps until noon-factH,0.6799999999999999,0.46424999999999994,0.8743214285714285,0.7485714285714286,0.5328571428571428,0.9171428571428571
hear,Olivia sleeps until noon-factL,0.725,0.525,0.925,0.77,0.4625,0.99
hear,Owen shoveled snow last winter-factH,0.5757142857142857,0.334,0.81575,0.49142857142857144,0.24996428571428572,0.7329999999999999
hear,Owen shoveled snow last winter-factL,0.6733333333333333,0.020000000000000018,1,0.9966666666666667,0.99,1
hear,Sophia got a tattoo-factH,0.9142857142857143,0.8042857142857143,0.9900357142857142,0.8171428571428572,0.5385714285714286,0.98
hear,Sophia got a tattoo-factL,0.6733333333333333,0.09999999999999998,1,0.7733333333333333,0.42,1
hear,Tony had a drink last night-factH,0.6799999999999999,0.46555555555555556,0.8622222222222222,0.6622222222222223,0.3966388888888889,0.8988888888888888
hear,Tony had a drink last night-factL,0.4633333333333333,0.19324999999999998,0.7633333333333333,0.6,0.2833333333333334,0.9016666666666666
hear,Zoe calculated the tip-factH,0.74,0.21999999999999997,1,0.8833333333333333,0.6599999999999999,1
hear,Zoe calculated the tip-factL,0.6273333333333333,0.43065000000000003,0.8226833333333333,0.6766666666666666,0.47333333333333333,0.858
inform,Charley speaks Spanish-factH,0.7628571428571429,0.5112857142857143,0.9528571428571428,0.6214285714285714,0.2956071428571429,0.89
inform,Charley speaks Spanish-factL,0.705,0.46118750000000003,0.89753125,0.9375,0.86125,0.99
inform,Danny ate the last cupcake-factH,0.7025,0.3025,0.965,0.805,0.6448750000000001,0.94
inform,Danny ate the last cupcake-factL,0.6799999999999999,0.3885625,0.9151249999999999,0.78125,0.5236250000000001,0.95125
inform,Emily bought a car yesterday-factH,0.6233333333333333,0.3310555555555555,0.8467222222222222,0.8233333333333334,0.6132222222222222,0.9500277777777778
inform,Emily bought a car yesterday-factL,0.9583333333333334,0.9333333333333333,0.9816666666666667,0.9883333333333333,0.9766666666666667,0.9983333333333333
inform,Emma studied on Saturday morning-factH,0.7675,0.5911249999999999,0.91503125,0.745,0.4762187499999999,0.9612812499999999
inform,Emma studied on Saturday morning-factL,0.4666666666666667,0.020000000000000018,0.81,0.7566666666666667,0.31000000000000005,0.98
inform,Frank got a cat-factH,0.7044444444444444,0.45105555555555554,0.89225,0.8933333333333333,0.8166666666666667,0.9688888888888889
inform,Frank got a cat-factL,0.6588888888888889,0.3966388888888889,0.8988888888888888,0.9044444444444444,0.8311111111111111,0.96225
inform,Grace visited her sister-factH,0.5283333333333333,0.2545833333333334,0.7767499999999999,0.7216666666666667,0.6082916666666667,0.8433333333333334
inform,Grace visited her sister-factL,0.7766666666666666,0.4766666666666667,0.975,0.7533333333333333,0.5116666666666667,0.975
inform,Isabella ate a steak on Sunday-factH,0.7328571428571429,0.4442857142857143,0.9557142857142857,0.9585714285714286,0.9071428571428571,0.9942857142857143
inform,Isabella ate a steak on Sunday-factL,0.6027272727272727,0.3735909090909091,0.8009090909090909,0.73,0.5581363636363637,0.9036363636363636
inform,Jackson ran 10 miles-factH,0.90125,0.80246875,0.9725,0.895,0.7587187500000001,0.99625
inform,Jackson ran 10 miles-factL,0.635,0.39133333333333337,0.895,0.605,0.2595416666666667,0.9033333333333333
inform,Jayden rented a car-factH,0.8054545454545454,0.6254090909090909,0.9463863636363636,0.8963636363636364,0.7936363636363637,0.9800454545454544
inform,Jayden rented a car-factL,0.71,0.36,0.995,0.43000000000000005,0.020000000000000018,0.8400000000000001
inform,Jon walks to work-factH,0.9575,0.8724999999999999,1,0.83,0.6425,0.995
inform,Jon walks to work-factL,0.5627272727272727,0.3326818181818182,0.7746136363636363,0.7081818181818181,0.49811363636363637,0.899090909090909
inform,Josh learned to ride a bike yesterday-factH,0.9199999999999999,0.835,0.985,0.8875000000000001,0.81,0.93
inform,Josh learned to ride a bike yesterday-factL,0.77,0.77,0.77,1,1,1
inform,Josie went on vacation to France-factH,0.9279999999999999,0.8099999999999999,0.996,0.94,0.888,0.988
inform,Josie went on vacation to France-factL,0.2833333333333333,0.19,0.47,0.9266666666666666,0.78,1
inform,Julian dances salsa-factH,0.696,0.528,0.876,0.9319999999999999,0.8079999999999999,1
inform,Julian dances salsa-factL,0.476,0.20800000000000002,0.722,0.772,0.502,0.962
inform,Mary is pregnant-factH,0.9071428571428571,0.8371428571428571,0.9642857142857143,0.7985714285714286,0.5214285714285715,0.99
inform,Mary is pregnant-factL,0.725,0.425,0.9616666666666667,0.7383333333333333,0.4199583333333333,0.9416666666666667
inform,Mia drank 2 cocktails last night-factH,0.9233333333333333,0.8166666666666667,0.9933333333333333,0.8166666666666667,0.48333333333333334,0.9966666666666667
inform,Mia drank 2 cocktails last night-factL,0.8833333333333333,0.8182916666666668,0.9550416666666666,0.9116666666666666,0.8566250000000001,0.9633333333333334
inform,Olivia sleeps until noon-factH,0.5825,0.21499999999999997,0.915,0.8925,0.79,0.995
inform,Olivia sleeps until noon-factL,0.7849999999999999,0.57,1,1,1,1
inform,Owen shoveled snow last winter-factH,0.92,0.78,0.99,0.9966666666666667,0.99,1
inform,Owen shoveled snow last winter-factL,0.828,0.508,1,0.576,0.244,0.8641999999999999
inform,Sophia got a tattoo-factH,0.69,0.33271428571428574,0.9585714285714285,0.6857142857142857,0.4313571428571429,0.92
inform,Sophia got a tattoo-factL,0.63,0.399,0.8470249999999999,0.866,0.682975,0.971
inform,Tony had a drink last night-factH,0.7683333333333333,0.5800000000000001,0.9366666666666666,0.815,0.6,0.9683749999999999
inform,Tony had a drink last night-factL,0.88,0.7799999999999999,0.964,0.804,0.41200000000000003,1
inform,Zoe calculated the tip-factH,0.61,0.245,0.975,0.875,0.77,0.98
inform,Zoe calculated the tip-factL,0.38,0.10999999999999999,0.65,0.83,0.69,0.97
know,Charley speaks Spanish-factH,0.8883333333333333,0.8182916666666668,0.9583333333333334,0.9433333333333334,0.8649583333333333,0.9983333333333333
know,Charley speaks Spanish-factL,0.8528571428571429,0.7457142857142858,0.9385714285714286,0.7485714285714286,0.527,0.9414642857142856
know,Danny ate the last cupcake-factH,0.9255555555555556,0.8666666666666667,0.9744444444444444,0.7333333333333333,0.44555555555555565,0.9567222222222221
know,Danny ate the last cupcake-factL,0.7157142857142857,0.39282142857142854,0.9514999999999999,0.5971428571428572,0.3399642857142858,0.8371785714285714
know,Emily bought a car yesterday-factH,0.734,0.42400000000000004,0.932,0.8039999999999999,0.45599999999999996,0.992
know,Emily bought a car yesterday-factL,0.924,0.836,0.988,0.642,0.306,0.9641
know,Emma studied on Saturday morning-factH,0.8233333333333334,0.4966666666666667,0.9983333333333333,0.845,0.676625,0.9833333333333333
know,Emma studied on Saturday morning-factL,0.84,0.74,0.94,0.99,0.97,1
know,Frank got a cat-factH,0.95,0.905,0.9916666666666667,0.92,0.8083333333333333,0.99
know,Frank got a cat-factL,0.8642857142857143,0.7128571428571429,0.9728571428571429,0.83,0.6442857142857144,0.95
know,Grace visited her sister-factH,0.9975,0.9924999999999999,1,0.9425,0.905,0.98
know,Grace visited her sister-factL,0.8311111111111111,0.6321944444444445,0.9666666666666667,0.9255555555555556,0.8911111111111111,0.9566944444444444
know,Isabella ate a steak on Sunday-factH,0.67,0.020000000000000018,1,0.66,0,1
know,Isabella ate a steak on Sunday-factL,0.8233333333333334,0.5916666666666667,0.9766666666666667,0.8466666666666667,0.68,0.975
know,Jackson ran 10 miles-factH,0.978,0.96,0.996,0.9440000000000001,0.90195,0.986
know,Jackson ran 10 miles-factL,0.8183333333333334,0.6308333333333334,0.9616875,0.8058333333333333,0.5816458333333334,0.9733333333333334
know,Jayden rented a car-factH,0.8475,0.6225,0.995,0.9675,0.9225,0.995
know,Jayden rented a car-factL,0.705,0.2525,0.975,0.9325,0.87,0.995
know,Jon walks to work-factH,0.6666666666666666,0.3531666666666667,0.9400833333333332,0.6016666666666667,0.21900000000000008,0.935
know,Jon walks to work-factL,0.964,0.9359999999999999,0.992,0.9259999999999999,0.832,0.9860499999999999
know,Josh learned to ride a bike yesterday-factH,0.985,0.9733333333333333,0.995,0.745,0.43333333333333335,0.97
know,Josh learned to ride a bike yesterday-factL,0.862,0.774,0.944,0.904,0.7759999999999999,0.996
know,Josie went on vacation to France-factH,0.7811111111111111,0.57775,0.9244999999999999,0.7866666666666666,0.5866666666666667,0.9400277777777777
know,Josie went on vacation to France-factL,0.37,0.05499999999999999,0.685,0.5725,0.245,0.9
know,Julian dances salsa-factH,0.6675,0.38993750000000005,0.8988124999999998,0.97,0.9225,0.9975
know,Julian dances salsa-factL,0.935,0.87,1,0.785,0.5700000000000001,1
know,Mary is pregnant-factH,0.7671428571428571,0.49857142857142855,0.9743214285714287,0.8442857142857143,0.5642499999999999,0.9914285714285714
know,Mary is pregnant-factL,0.9166666666666666,0.8416666666666667,0.965,0.9216666666666666,0.825,0.9866666666666667
know,Mia drank 2 cocktails last night-factH,0.5640000000000001,0.18160000000000004,0.946,0.914,0.74795,1
know,Mia drank 2 cocktails last night-factL,0.8433333333333334,0.6966666666666667,0.96,0.7916666666666666,0.4783333333333334,0.9883333333333333
know,Olivia sleeps until noon-factH,0.7733333333333333,0.37,0.98,0.9366666666666666,0.84,0.99
know,Olivia sleeps until noon-factL,0.895,0.7483333333333333,0.9933333333333333,0.685,0.405,0.9100833333333334
know,Owen shoveled snow last winter-factH,0.855,0.682,0.9610249999999999,0.942,0.88395,0.9880249999999999
know,Owen shoveled snow last winter-factL,0.865,0.7119,0.977,0.8109999999999999,0.6239750000000001,0.95405
know,Sophia got a tattoo-factH,0.8375,0.6389375,1,0.9175,0.7525,1
know,Sophia got a tattoo-factL,0.9844444444444445,0.9755555555555555,0.99225,0.9711111111111111,0.9355555555555556,0.9933333333333333
know,Tony had a drink last night-factH,0.508,0.1759,0.8283999999999997,0.784,0.552,0.988
know,Tony had a drink last night-factL,0.686,0.31999999999999995,0.972,0.924,0.818,0.992
know,Zoe calculated the tip-factH,0.6033333333333334,0,1,0.5666666666666667,0,0.96
know,Zoe calculated the tip-factL,0.88125,0.81125,0.9475,0.85375,0.76496875,0.9375
pretend,Charley speaks Spanish-factH,0.2875,0.1261875,0.46,0.7675,0.59375,0.8975
pretend,Charley speaks Spanish-factL,0.05333333333333334,0.006666666666666668,0.14004166666666665,0.7716666666666667,0.4533333333333333,0.975
pretend,Danny ate the last cupcake-factH,0.476,0.184,0.754,0.712,0.442,0.9199999999999999
pretend,Danny ate the last cupcake-factL,0.0775,0.020000000000000004,0.16749999999999998,0.7625,0.535,0.9901249999999998
pretend,Emily bought a car yesterday-factH,0.295,0.09491666666666668,0.5033333333333334,0.8216666666666667,0.6749583333333333,0.945
pretend,Emily bought a car yesterday-factL,0.11166666666666666,0.021666666666666667,0.22166666666666665,0.79,0.575,0.9833333333333333
pretend,Emma studied on Saturday morning-factH,0.1322222222222222,0.04219444444444445,0.22783333333333328,0.8077777777777778,0.5577777777777778,0.9844444444444445
pretend,Emma studied on Saturday morning-factL,0.2781818181818182,0.08179545454545456,0.5211363636363634,0.7954545454545454,0.6062727272727273,0.9390909090909091
pretend,Frank got a cat-factH,0.19833333333333333,0.019916666666666666,0.5216666666666667,0.8366666666666667,0.6133333333333333,0.9866666666666667
pretend,Frank got a cat-factL,0.2066666666666667,0.011666666666666659,0.5017083333333333,0.81,0.5433333333333333,0.9817083333333333
pretend,Grace visited her sister-factH,0.24625000000000002,0.10499999999999998,0.41759374999999993,0.5775,0.3449375,0.8050312499999999
pretend,Grace visited her sister-factL,0.296,0.041800000000000004,0.662,0.6,0.20800000000000002,0.994
pretend,Isabella ate a steak on Sunday-factH,0.1,0.020000000000000004,0.18,0.885,0.795,0.9875
pretend,Isabella ate a steak on Sunday-factL,0.04545454545454545,0.010000000000000002,0.09274999999999999,0.8309090909090909,0.6408863636363638,0.9645454545454546
pretend,Jackson ran 10 miles-factH,0.05600000000000001,0,0.164,0.728,0.4339,0.946
pretend,Jackson ran 10 miles-factL,0.21166666666666667,0.023333333333333345,0.5,0.78,0.5983333333333334,0.9017083333333333
pretend,Jayden rented a car-factH,0.08,0.08,0.08,0.97,0.97,0.97
pretend,Jayden rented a car-factL,0.14400000000000002,0.010000000000000009,0.35600000000000004,0.788,0.392,0.996
pretend,Jon walks to work-factH,0.4414285714285714,0.17142857142857143,0.7357499999999999,0.87,0.8071428571428572,0.9343214285714285
pretend,Jon walks to work-factL,0.085,0,0.17,0.835,0.6699999999999999,1
pretend,Josh learned to ride a bike yesterday-factH,0.19,0.09666666666666666,0.2633333333333333,0.585,0.34329166666666666,0.8266666666666667
pretend,Josh learned to ride a bike yesterday-factL,0.08714285714285715,0.008571428571428577,0.23285714285714287,0.88,0.7628571428571429,0.9900357142857142
pretend,Josie went on vacation to France-factH,0.32,0.10999999999999999,0.53,0.645,0.26,0.895
pretend,Josie went on vacation to France-factL,0.20777777777777776,0.037750000000000006,0.4267222222222222,0.8755555555555555,0.7455555555555555,0.9768055555555555
pretend,Julian dances salsa-factH,0.04,0,0.0975,0.66,0.22999999999999998,0.94
pretend,Julian dances salsa-factL,0.0925,0.03125,0.1575,0.88875,0.70375,0.99125
pretend,Mary is pregnant-factH,0.35,0.1142857142857143,0.62,0.7614285714285715,0.48142857142857143,0.9628928571428571
pretend,Mary is pregnant-factL,0.062,0,0.178,0.612,0.272,0.952
pretend,Mia drank 2 cocktails last night-factH,0.286,0.07600000000000001,0.522,0.496,0.18379999999999996,0.816
pretend,Mia drank 2 cocktails last night-factL,0.278,0.01200000000000001,0.6241499999999999,0.67,0.41165,0.926
pretend,Olivia sleeps until noon-factH,0.2057142857142857,0.04000000000000001,0.4642857142857143,0.8742857142857143,0.7371428571428571,0.97
pretend,Olivia sleeps until noon-factL,0.06714285714285714,0.021392857142857144,0.12142857142857143,0.7685714285714286,0.49714285714285716,0.9457142857142857
pretend,Owen shoveled snow last winter-factH,0.056666666666666664,0,0.15,0.7033333333333334,0.18000000000000005,0.99
pretend,Owen shoveled snow last winter-factL,0.076,0.0020000000000000018,0.154,0.856,0.62,0.988
pretend,Sophia got a tattoo-factH,0.20833333333333334,0.09333333333333334,0.32,0.87,0.7216250000000001,0.965
pretend,Sophia got a tattoo-factL,0.12714285714285714,0.06426785714285714,0.22142857142857142,0.7214285714285714,0.5556785714285715,0.8678571428571429
pretend,Tony had a drink last night-factH,0.22857142857142856,0.03857142857142856,0.46285714285714286,0.8728571428571429,0.7028571428571428,0.9957142857142857
pretend,Tony had a drink last night-factL,0.1875,0.07250000000000001,0.3001249999999999,0.775,0.6125,0.9275
pretend,Zoe calculated the tip-factH,0.194,0.078,0.296,0.7959999999999999,0.6232500000000001,0.964
pretend,Zoe calculated the tip-factL,0.065,0,0.13,0.85,0.83,0.87
prove,Charley speaks Spanish-factH,0.252,0.032,0.576,0.416,0.057999999999999996,0.754
prove,Charley speaks Spanish-factL,0.2816666666666667,0.13662499999999997,0.4250416666666666,0.40166666666666667,0.2282916666666667,0.66
prove,Danny ate the last cupcake-factH,0.2,0.0585357142857143,0.40003571428571427,0.42714285714285716,0.13128571428571434,0.7171785714285714
prove,Danny ate the last cupcake-factL,0.07142857142857142,0,0.16578571428571423,0.4857142857142857,0.2914285714285714,0.69
prove,Emily bought a car yesterday-factH,0.20166666666666666,0.03995833333333332,0.4650833333333332,0.5533333333333333,0.25,0.8566666666666667
prove,Emily bought a car yesterday-factL,0.38,0.38,0.38,0.39,0.39,0.39
prove,Emma studied on Saturday morning-factH,0.335,0.065,0.605,0.46,0.15250000000000002,0.7275
prove,Emma studied on Saturday morning-factL,0.2625,0.035,0.5125000000000001,0.21500000000000002,0.03500000000000003,0.395
prove,Frank got a cat-factH,0.19,0.07282142857142856,0.32571428571428573,0.61,0.4085714285714286,0.8414285714285714
prove,Frank got a cat-factL,0.12666666666666665,0.009999999999999995,0.31,0.48333333333333334,0.21999999999999997,1
prove,Grace visited her sister-factH,0.2125,0.01999999999999999,0.44499999999999995,0.24750000000000003,0.030000000000000027,0.465
prove,Grace visited her sister-factL,0.20142857142857143,0.03857142857142856,0.41574999999999995,0.4771428571428572,0.18425000000000002,0.8486071428571428
prove,Isabella ate a steak on Sunday-factH,0.30833333333333335,0.08000000000000002,0.6200416666666667,0.3433333333333333,0.08166666666666667,0.6066666666666667
prove,Isabella ate a steak on Sunday-factL,0.154,0.01200000000000001,0.402,0.378,0.09399999999999997,0.7
prove,Jackson ran 10 miles-factH,0.42000000000000004,0.05499999999999999,0.785,0.5625,0.28500000000000003,0.84
prove,Jackson ran 10 miles-factL,0.06,0.011999999999999997,0.11599999999999999,0.28200000000000003,0.033900000000000013,0.656
prove,Jayden rented a car-factH,0.49666666666666665,0.25,0.7,0.65,0.47,0.8200000000000001
prove,Jayden rented a car-factL,0.19666666666666666,0.04000000000000001,0.40888888888888886,0.37666666666666665,0.13886111111111113,0.6512777777777776
prove,Jon walks to work-factH,0.17333333333333334,0.003333333333333327,0.36000000000000004,0.49666666666666665,0.2099583333333333,0.7733749999999999
prove,Jon walks to work-factL,0.216,0.08195,0.382,0.674,0.41000000000000003,0.842
prove,Josh learned to ride a bike yesterday-factH,0.24625000000000002,0.10868749999999999,0.4501249999999999,0.5,0.30240625,0.71753125
prove,Josh learned to ride a bike yesterday-factL,0.33999999999999997,0.1,0.6133749999999999,0.515,0.2593750000000001,0.77675
prove,Josie went on vacation to France-factH,0.26375,0.0925,0.47756249999999995,0.42625,0.2175,0.685
prove,Josie went on vacation to France-factL,0.092,0.032,0.158,0.838,0.558,0.986
prove,Julian dances salsa-factH,0.31916666666666665,0.14750000000000002,0.5041666666666667,0.24833333333333335,0.11414583333333334,0.40168750000000003
prove,Julian dances salsa-factL,0.13,0.037500000000000006,0.2125,0.7075,0.475,0.94
prove,Mary is pregnant-factH,0.3566666666666667,0.15495833333333334,0.6150416666666666,0.6283333333333333,0.44491666666666674,0.83
prove,Mary is pregnant-factL,0.142,0.018000000000000002,0.288,0.32,0.03600000000000003,0.604
prove,Mia drank 2 cocktails last night-factH,0.3175,0.1249375,0.5400625,0.7525,0.50490625,0.9625
prove,Mia drank 2 cocktails last night-factL,0.495,0.010000000000000009,0.98,0.985,0.98,0.99
prove,Olivia sleeps until noon-factH,0.40399999999999997,0.132,0.696,0.532,0.22399999999999998,0.84
prove,Olivia sleeps until noon-factL,0.25533333333333336,0.11598333333333333,0.40134999999999993,0.6453333333333333,0.46598333333333336,0.8120666666666665
prove,Owen shoveled snow last winter-factH,0.55,0.07,0.97,0.6325000000000001,0.26,0.9875
prove,Owen shoveled snow last winter-factL,0.18333333333333332,0.06666666666666667,0.29166666666666663,0.49,0.3032916666666667,0.74
prove,Sophia got a tattoo-factH,0.24,0.116975,0.383025,0.299,0.11785000000000001,0.5172499999999999
prove,Sophia got a tattoo-factL,0.16833333333333333,0.02833333333333332,0.38666666666666666,0.49333333333333335,0.3216666666666667,0.72
prove,Tony had a drink last night-factH,0.37,0.184975,0.5540250000000001,0.661,0.501,0.8140250000000001
prove,Tony had a drink last night-factL,0.27375,0.1236875,0.4450624999999999,0.595,0.33865625,0.83125
prove,Zoe calculated the tip-factH,0.0225,0,0.045,0.71,0.3325,1
prove,Zoe calculated the tip-factL,0.158,0.062,0.246,0.538,0.196,0.912
reveal,Charley speaks Spanish-factH,0.6933333333333334,0.5321944444444445,0.8555555555555555,0.6788888888888889,0.4820833333333333,0.8422499999999999
reveal,Charley speaks Spanish-factL,0.9025000000000001,0.8250000000000001,0.975,0.49,0.010000000000000009,0.97
reveal,Danny ate the last cupcake-factH,0.584,0.42895,0.7491499999999999,0.603,0.35897500000000004,0.8210000000000001
reveal,Danny ate the last cupcake-factL,0.546,0.25795,0.834,0.5860000000000001,0.32200000000000006,0.8461
reveal,Emily bought a car yesterday-factH,0.395,0.09499999999999997,0.73,0.5075000000000001,0.19,0.825
reveal,Emily bought a car yesterday-factL,0.672,0.549,0.778025,0.647,0.420975,0.86
reveal,Emma studied on Saturday morning-factH,0.6728571428571428,0.44142857142857145,0.8757142857142857,0.5557142857142857,0.28,0.8514285714285714
reveal,Emma studied on Saturday morning-factL,0.5028571428571429,0.22999999999999998,0.7644285714285713,0.6642857142857143,0.3828571428571429,0.9185714285714286
reveal,Frank got a cat-factH,0.7233333333333334,0.44158333333333333,0.9233333333333333,0.535,0.20495833333333335,0.8633333333333333
reveal,Frank got a cat-factL,0.25428571428571434,0.06428571428571428,0.5403214285714283,0.6514285714285715,0.36857142857142855,0.9257857142857142
reveal,Grace visited her sister-factH,0.8200000000000001,0.64,1,0.33999999999999997,0,0.6799999999999999
reveal,Grace visited her sister-factL,0.45666666666666667,0.15833333333333333,0.7784583333333333,0.18333333333333332,0.024958333333333332,0.36666666666666664
reveal,Isabella ate a steak on Sunday-factH,0.6233333333333333,0.305,0.9416666666666667,0.7833333333333333,0.47333333333333333,0.9666666666666667
reveal,Isabella ate a steak on Sunday-factL,0.5766666666666667,0.24666666666666665,0.91,0.765,0.47333333333333333,0.9616666666666667
reveal,Jackson ran 10 miles-factH,0.74,0.5,0.9416666666666667,0.43166666666666664,0.12333333333333335,0.7400833333333332
reveal,Jackson ran 10 miles-factL,0.2542857142857143,0.07853571428571429,0.4928571428571428,0.8342857142857143,0.6614285714285714,0.9586071428571428
reveal,Jayden rented a car-factH,0.458,0.25,0.668,0.51,0.22000000000000003,0.8
reveal,Jayden rented a car-factL,0.5700000000000001,0.4,0.74,0.10500000000000004,0.06000000000000005,0.15000000000000002
reveal,Jon walks to work-factH,0.83,0.6633333333333333,1,0.6566666666666666,0,1
reveal,Jon walks to work-factL,0.44,0.20552777777777775,0.69,0.7344444444444445,0.53,0.925611111111111
reveal,Josh learned to ride a bike yesterday-factH,0.43166666666666664,0.17333333333333334,0.6802083333333332,0.3383333333333333,0.16333333333333333,0.5200416666666667
reveal,Josh learned to ride a bike yesterday-factL,0.41000000000000003,0,0.97,0.73,0.26,1
reveal,Josie went on vacation to France-factH,0.8133333333333334,0.5083333333333333,0.9933333333333333,0.45166666666666666,0.14833333333333332,0.77
reveal,Josie went on vacation to France-factL,0.7075,0.5174687499999999,0.8913437499999999,0.58875,0.32375,0.8513124999999999
reveal,Julian dances salsa-factH,0.28500000000000003,0.2,0.37,0.6100000000000001,0.4,0.8200000000000001
reveal,Julian dances salsa-factL,0.7028571428571428,0.45,0.8871428571428571,0.5357142857142857,0.18560714285714286,0.8285714285714285
reveal,Mary is pregnant-factH,0.6942857142857143,0.4642142857142857,0.8871785714285714,0.83,0.6485357142857143,0.9771428571428571
reveal,Mary is pregnant-factL,0.39307692307692305,0.19830769230769232,0.6031538461538462,0.45461538461538464,0.2552884615384615,0.6639423076923076
reveal,Mia drank 2 cocktails last night-factH,0.365,0.34,0.39,0.6950000000000001,0.54,0.85
reveal,Mia drank 2 cocktails last night-factL,0.35285714285714287,0.09857142857142859,0.6301785714285713,0.6557142857142857,0.40425000000000005,0.8814642857142857
reveal,Olivia sleeps until noon-factH,0.75,0.45499999999999996,0.9533333333333334,0.9483333333333333,0.9049583333333334,0.9816666666666667
reveal,Olivia sleeps until noon-factL,0.362,0.06,0.6522999999999997,0.522,0.174,0.874
reveal,Owen shoveled snow last winter-factH,0.24000000000000002,0.10500000000000001,0.4316666666666667,0.6783333333333333,0.39999999999999997,0.9284583333333333
reveal,Owen shoveled snow last winter-factL,0.28,0.10999999999999999,0.435,0.4975,0.29250000000000004,0.6799999999999999
reveal,Sophia got a tattoo-factH,0.644,0.302,0.944,0.65,0.26399999999999996,0.958
reveal,Sophia got a tattoo-factL,0.7666666666666666,0.5097916666666668,0.95,0.6183333333333333,0.2833333333333333,0.8966666666666666
reveal,Tony had a drink last night-factH,0.5542857142857143,0.24978571428571428,0.8585714285714285,0.71,0.42692857142857144,0.9542857142857143
reveal,Tony had a drink last night-factL,0.3742857142857143,0.13285714285714287,0.6814642857142856,0.43714285714285717,0.19278571428571425,0.7229642857142857
reveal,Zoe calculated the tip-factH,0.6444444444444445,0.37530555555555556,0.8745277777777777,0.4822222222222222,0.17219444444444443,0.7811388888888888
reveal,Zoe calculated the tip-factL,0.355,0.0625,0.7975,0.65,0.32999999999999996,0.97
say,Charley speaks Spanish-factH,0.28500000000000003,0.13333333333333333,0.443375,0.10833333333333331,0.039999999999999994,0.21166666666666664
say,Charley speaks Spanish-factL,0.114,0.032,0.196,0.586,0.24,0.9339999999999999
say,Danny ate the last cupcake-factH,0.038,0,0.10800000000000001,0.074,0.047999999999999994,0.09799999999999998
say,Danny ate the last cupcake-factL,0.156,0.015999999999999986,0.32,0.764,0.40800000000000003,0.998
say,Emily bought a car yesterday-factH,0.28375,0.06375,0.51628125,0.46499999999999997,0.20996875000000004,0.7775
say,Emily bought a car yesterday-factL,0.054,0.005999999999999998,0.11414999999999985,0.164,0.0020000000000000018,0.4820000000000001
say,Emma studied on Saturday morning-factH,0.2175,0.06,0.4425,0.2175,0.012500000000000011,0.5399999999999999
say,Emma studied on Saturday morning-factL,0.15333333333333332,0.075,0.23666666666666666,0.28,0.034999999999999976,0.5833333333333334
say,Frank got a cat-factH,0.31857142857142856,0.1170357142857143,0.5500357142857143,0.42714285714285716,0.18714285714285717,0.6815714285714284
say,Frank got a cat-factL,0.11428571428571428,0.01428571428571429,0.2414642857142857,0.23714285714285716,0.0585357142857143,0.5085714285714286
say,Grace visited her sister-factH,0.376,0.137,0.6371249999999998,0.252,0.07195000000000001,0.4721249999999999
say,Grace visited her sister-factL,0.1275,0.0574375,0.21125,0.24000000000000002,0.06871875,0.4725937499999999
say,Isabella ate a steak on Sunday-factH,0.27,0.12125,0.48878124999999994,0.33125,0.13368750000000001,0.5575
say,Isabella ate a steak on Sunday-factL,0.03,0,0.06768749999999983,0.225,0.08500000000000002,0.365
say,Jackson ran 10 miles-factH,0.175,0.01999999999999999,0.4084583333333332,0.43,0.16487500000000005,0.7052083333333331
say,Jackson ran 10 miles-factL,0.18,0.04799999999999999,0.312,0.53,0.264,0.802
say,Jayden rented a car-factH,0.08333333333333333,0.009999999999999995,0.13,0.38,0,0.98
say,Jayden rented a car-factL,0.355,0.03999999999999998,0.67,0.425,0.32999999999999996,0.52
say,Jon walks to work-factH,0.013333333333333332,0,0.023499999999999844,0.06000000000000001,0.02000000000000001,0.13
say,Jon walks to work-factL,0.13374999999999998,0.037468749999999995,0.24625,0.22625,0.04618750000000002,0.4525
say,Josh learned to ride a bike yesterday-factH,0.21999999999999997,0.0040000000000000036,0.5519999999999999,0.35,0.008000000000000007,0.746
say,Josh learned to ride a bike yesterday-factL,0.06285714285714286,0.015714285714285715,0.12428571428571429,0.19857142857142857,0.025714285714285717,0.48000000000000004
say,Josie went on vacation to France-factH,0.225,0.08666666666666667,0.3666666666666667,0.355,0.13,0.6185416666666664
say,Josie went on vacation to France-factL,0.196,0.04200000000000001,0.4090499999999999,0.544,0.35185,0.75302499999999994
say,Julian dances salsa-factH,0.12714285714285714,0.025714285714285717,0.2928571428571428,0.3028571428571428,0.1042142857142857,0.53575
say,Julian dances salsa-factL,0.035,0.005000000000000001,0.060000000000000005,0.3725,0.12749999999999997,0.78
say,Mary is pregnant-factH,0.422,0.20295000000000002,0.652,0.237,0.08795,0.436
say,Mary is pregnant-factL,0.06,0.04,0.08,0.47000000000000003,0.050000000000000044,0.89
say,Mia drank 2 cocktails last night-factH,0.19083333333333335,0.09247916666666667,0.34674999999999995,0.41083333333333333,0.23404166666666668,0.6050833333333332
say,Mia drank 2 cocktails last night-factL,0.11333333333333334,0.03833333333333333,0.19,0.5133333333333333,0.1816666666666667,0.86
say,Olivia sleeps until noon-factH,0.2633333333333333,0.059958333333333336,0.5716666666666667,0.21500000000000002,0.026666666666666672,0.4866666666666667
say,Olivia sleeps until noon-factL,0.10124999999999999,0.036250000000000004,0.17625,0.22999999999999998,0.12624999999999997,0.34375
say,Owen shoveled snow last winter-factH,0.3244444444444444,0.16105555555555554,0.5134166666666665,0.38666666666666666,0.16108333333333336,0.6411388888888888
say,Owen shoveled snow last winter-factL,0.042499999999999996,0,0.1275,0.08249999999999999,0,0.23999999999999996
say,Sophia got a tattoo-factH,0.16499999999999998,0.01999999999999999,0.41500000000000004,0.16,0.057499999999999996,0.235
say,Sophia got a tattoo-factL,0.026666666666666665,0,0.08,0.27,0.020000000000000018,0.5
say,Tony had a drink last night-factH,0.235,0.04400000000000001,0.46909999999999996,0.376,0.18197500000000003,0.591
say,Tony had a drink last night-factL,0.0175,0.01,0.025,0.32,0.07250000000000001,0.6375
say,Zoe calculated the tip-factH,0.12,0.013999999999999999,0.258,0.292,0.09599999999999997,0.5
say,Zoe calculated the tip-factL,0.1825,0,0.5325,0.5525,0.11499999999999999,0.99
see,Charley speaks Spanish-factH,0.63,0.010000000000000009,0.99,0.9233333333333333,0.79,1
see,Charley speaks Spanish-factL,0.705,0.4533333333333333,0.955,0.7783333333333333,0.48833333333333334,0.965
see,Danny ate the last cupcake-factH,0.731111111111111,0.5266388888888889,0.8944444444444445,0.8477777777777777,0.6676666666666667,0.9777777777777777
see,Danny ate the last cupcake-factL,0.7233333333333333,0.48,0.97,0.9766666666666667,0.95,1
see,Emily bought a car yesterday-factH,0.966,0.926,0.992,0.732,0.38,1
see,Emily bought a car yesterday-factL,0.9383333333333334,0.9066666666666666,0.9666666666666667,0.6983333333333334,0.386625,0.9252916666666664
see,Emma studied on Saturday morning-factH,0.5666666666666667,0.3282916666666667,0.8133333333333334,0.6983333333333334,0.44999999999999996,0.853375
see,Emma studied on Saturday morning-factL,0.7183333333333334,0.5483333333333333,0.8766666666666667,0.7425,0.5464791666666666,0.9026041666666665
see,Frank got a cat-factH,0.8512500000000001,0.61875,1,0.85625,0.60625,1
see,Frank got a cat-factL,0.6416666666666666,0.33333333333333337,0.9533333333333334,0.7683333333333333,0.48770833333333335,0.9583333333333334
see,Grace visited her sister-factH,0.712,0.388,0.9921,0.972,0.944,1
see,Grace visited her sister-factL,0.67375,0.39371875,0.9262812500000001,0.58625,0.29621875000000003,0.8625625
see,Isabella ate a steak on Sunday-factH,0.9275,0.7949999999999999,0.9975,0.7375,0.47250000000000003,0.995
see,Isabella ate a steak on Sunday-factL,0.3433333333333333,0.09000000000000002,0.53,0.38666666666666666,0.19999999999999996,0.52
see,Jackson ran 10 miles-factH,0.454,0.08600000000000002,0.8220000000000001,0.652,0.2679,0.988
see,Jackson ran 10 miles-factL,0.6433333333333333,0.48763888888888896,0.7788888888888889,0.83,0.6154999999999999,0.9722222222222222
see,Jayden rented a car-factH,0.742,0.36395,0.9580499999999998,0.856,0.6999500000000001,0.98205
see,Jayden rented a car-factL,0.7275,0.6,0.8625312499999999,0.85125,0.60125,0.9875
see,Jon walks to work-factH,0.6983333333333334,0.42333333333333334,0.9533333333333334,0.6316666666666666,0.36,0.8983333333333333
see,Jon walks to work-factL,0.6616666666666666,0.33325,0.96,0.85,0.66,0.995
see,Josh learned to ride a bike yesterday-factH,0.7914285714285714,0.5628214285714286,0.9528928571428571,0.8228571428571428,0.7214285714285714,0.92575
see,Josh learned to ride a bike yesterday-factL,0.96,0.922,0.998,0.602,0.20800000000000002,0.984
see,Josie went on vacation to France-factH,0.85375,0.63375,0.97875,0.9575,0.9275,0.985
see,Josie went on vacation to France-factL,0.5477777777777778,0.2663888888888889,0.8189166666666666,0.7422222222222222,0.49325,0.9556388888888887
see,Julian dances salsa-factH,0.8416666666666667,0.54,0.9983333333333333,0.985,0.9766666666666667,0.9933333333333333
see,Julian dances salsa-factL,0.9275,0.8625,0.97,0.8999999999999999,0.7649374999999998,0.98
see,Mary is pregnant-factH,0.87,0.71,0.9783333333333333,0.9283333333333333,0.8033333333333333,0.9983333333333333
see,Mary is pregnant-factL,0.655,0.49,0.82,0.69,0.41,0.97
see,Mia drank 2 cocktails last night-factH,0.7625,0.55246875,0.95625,0.83625,0.62496875,0.9675
see,Mia drank 2 cocktails last night-factL,0.796,0.40800000000000003,0.994,0.966,0.934,0.988
see,Olivia sleeps until noon-factH,0.8042857142857143,0.5538928571428571,0.98,0.8214285714285714,0.54,0.9928571428571429
see,Olivia sleeps until noon-factL,0.9866666666666667,0.9716666666666667,0.9966666666666667,0.635,0.301625,0.9666666666666667
see,Owen shoveled snow last winter-factH,0.3433333333333333,0,0.99,0.6366666666666666,0,0.97
see,Owen shoveled snow last winter-factL,0.4525,0.16500000000000004,0.785,0.6425000000000001,0.2775,0.995
see,Sophia got a tattoo-factH,0.9057142857142857,0.76425,0.9885714285714285,0.7828571428571428,0.5071071428571429,0.9586071428571429
see,Sophia got a tattoo-factL,0.8283333333333334,0.55,0.9817083333333333,0.7133333333333334,0.48666666666666664,0.9133333333333333
see,Tony had a drink last night-factH,0.6442857142857142,0.3685714285714286,0.8800357142857143,0.59,0.3999285714285714,0.76
see,Tony had a drink last night-factL,0.63,0,1,0.43000000000000005,0,1
see,Zoe calculated the tip-factH,0.685,0.4533333333333333,0.91,0.655,0.35125,0.9416666666666667
see,Zoe calculated the tip-factL,0.6822222222222222,0.3963333333333333,0.9011666666666666,0.6511111111111111,0.37883333333333336,0.893361111111111
suggest,Charley speaks Spanish-factH,0.125,0.006666666666666668,0.2583333333333333,0.41500000000000004,0.18333333333333332,0.6783333333333333
suggest,Charley speaks Spanish-factL,0.435,0.13,0.74,0.6699999999999999,0.37,0.97
suggest,Danny ate the last cupcake-factH,0.2357142857142857,0.05428571428571427,0.44003571428571425,0.41714285714285715,0.15857142857142859,0.7071785714285713
suggest,Danny ate the last cupcake-factL,0.2714285714285714,0.11132142857142857,0.4914642857142857,0.42714285714285716,0.2056785714285714,0.6385714285714286
suggest,Emily bought a car yesterday-factH,0.1725,0.05500000000000001,0.2675,0.265,0.009875000000000023,0.625
suggest,Emily bought a car yesterday-factL,0.032,0.012,0.054000000000000006,0.532,0.16800000000000004,0.894
suggest,Emma studied on Saturday morning-factH,0.09,0.03,0.1525,0.49250000000000005,0.16250000000000003,0.855
suggest,Emma studied on Saturday morning-factL,0.22333333333333336,0.04000000000000001,0.5317499999999998,0.25666666666666665,0.053333333333333344,0.5416666666666667
suggest,Frank got a cat-factH,0.11666666666666667,0.020000000000000004,0.29,0.45666666666666667,0.41,0.48
suggest,Frank got a cat-factL,0.03,0,0.06857142857142857,0.27142857142857146,0.11714285714285716,0.44142857142857145
suggest,Grace visited her sister-factH,0.06,0.0012500000000000011,0.15375,0.68125,0.3749687500000001,0.9275
suggest,Grace visited her sister-factL,0.12666666666666668,0.020000000000000004,0.31,0.52,0.33999999999999997,0.6799999999999999
suggest,Isabella ate a steak on Sunday-factH,0.185,0.044999999999999984,0.33499999999999996,0.38666666666666666,0.125,0.6533333333333333
suggest,Isabella ate a steak on Sunday-factL,0.298,0.126,0.47000000000000003,0.424,0.21200000000000002,0.646
suggest,Jackson ran 10 miles-factH,0.08333333333333334,0,0.14,0.4633333333333334,0.06000000000000005,0.9
suggest,Jackson ran 10 miles-factL,0.038,0.010000000000000002,0.08,0.656,0.306,0.896
suggest,Jayden rented a car-factH,0.08142857142857143,0.03,0.12714285714285714,0.42000000000000004,0.14557142857142857,0.7514285714285714
suggest,Jayden rented a car-factL,0.0925,0.007500000000000007,0.21750000000000003,0.6799999999999999,0.33999999999999997,0.9703749999999997
suggest,Jon walks to work-factH,0.14888888888888888,0.03552777777777778,0.27336111111111105,0.5422222222222223,0.3055,0.775611111111111
suggest,Jon walks to work-factL,0.31,0.13996875,0.52875,0.57125,0.35496874999999994,0.76
suggest,Josh learned to ride a bike yesterday-factH,0.29500000000000004,0.15166666666666667,0.51,0.22333333333333333,0.03833333333333333,0.4433333333333333
suggest,Josh learned to ride a bike yesterday-factL,0.1125,0.0575,0.16833333333333333,0.5549999999999999,0.3657916666666667,0.7475208333333333
suggest,Josie went on vacation to France-factH,0.09,0.03,0.15,0.28,0.050000000000000044,0.51
suggest,Josie went on vacation to France-factL,0.124,0.027999999999999997,0.22,0.624,0.31200000000000006,0.936
suggest,Julian dances salsa-factH,0.2866666666666667,0.06377777777777782,0.5533611111111112,0.57,0.30997222222222226,0.787861111111111
suggest,Julian dances salsa-factL,0.33666666666666667,0.08000000000000002,0.76,0.48333333333333334,0.18999999999999995,0.8200000000000001
suggest,Mary is pregnant-factH,0.3883333333333333,0.15,0.6866666666666666,0.7133333333333334,0.5516666666666666,0.89
suggest,Mary is pregnant-factL,0.215,0.04000000000000001,0.46628125,0.31875,0.06374999999999997,0.6125
suggest,Mia drank 2 cocktails last night-factH,0.18833333333333335,0.04829166666666668,0.3433333333333334,0.48333333333333334,0.22500000000000003,0.7416666666666667
suggest,Mia drank 2 cocktails last night-factL,0.045,0.0016666666666666635,0.125,0.8183333333333334,0.48833333333333334,0.9933333333333333
suggest,Olivia sleeps until noon-factH,0.15307692307692308,0.09921153846153846,0.20692307692307693,0.566923076923077,0.39226923076923076,0.74
suggest,Olivia sleeps until noon-factL,0.15666666666666668,0.023333333333333345,0.33666666666666667,0.6066666666666667,0.29833333333333334,0.8866666666666667
suggest,Owen shoveled snow last winter-factH,0.11800000000000001,0.046,0.20004999999999998,0.521,0.295,0.741
suggest,Owen shoveled snow last winter-factL,0.13875,0.04496875,0.2725,0.56375,0.34496875000000005,0.74878125
suggest,Sophia got a tattoo-factH,0.258,0.01200000000000001,0.642,0.562,0.246,0.834
suggest,Sophia got a tattoo-factL,0.034,0.022,0.04,0.752,0.37,0.986
suggest,Tony had a drink last night-factH,0.2025,0.01999999999999999,0.4425,0.5975,0.20500000000000002,0.99
suggest,Tony had a drink last night-factL,0.152,0.021949999999999997,0.3281499999999999,0.676,0.41800000000000004,0.9339999999999999
suggest,Zoe calculated the tip-factH,0.355,0.10865625000000001,0.645,0.44125000000000003,0.16750000000000004,0.7250312499999999
suggest,Zoe calculated the tip-factL,0.188,0.114,0.24,0.62,0.36,0.85
think,Charley speaks Spanish-factH,0.32142857142857145,0.20714285714285713,0.4357142857142857,0.8142857142857143,0.6628214285714285,0.9428571428571428
think,Charley speaks Spanish-factL,0.4366666666666667,0.020000000000000018,0.81,0.3566666666666667,0,0.86
think,Danny ate the last cupcake-factH,0.14666666666666667,0,0.43,0.63,0.41,0.98
think,Danny ate the last cupcake-factL,0.17,0.15,0.2,0.6866666666666666,0.4,0.86
think,Emily bought a car yesterday-factH,0.17833333333333332,0.07,0.29666666666666663,0.59,0.34158333333333335,0.8116666666666666
think,Emily bought a car yesterday-factL,0.08666666666666667,0.020000000000000004,0.18,0.7566666666666667,0.53,0.9
think,Emma studied on Saturday morning-factH,0.13571428571428573,0.038571428571428576,0.26571428571428574,0.7314285714285714,0.4641785714285714,0.9228928571428571
think,Emma studied on Saturday morning-factL,0.1657142857142857,0.04571428571428572,0.28714285714285714,0.6071428571428571,0.36985714285714283,0.8457142857142858
think,Frank got a cat-factH,0.23714285714285716,0.03428571428571428,0.44717857142857137,0.5542857142857143,0.2852857142857143,0.8086428571428571
think,Frank got a cat-factL,0.19,0.057975,0.336,0.86,0.7639250000000001,0.946
think,Grace visited her sister-factH,0.502,0.20600000000000002,0.8,0.642,0.406,0.878
think,Grace visited her sister-factL,0.092,0.025999999999999995,0.158,0.616,0.2878,0.9440000000000001
think,Isabella ate a steak on Sunday-factH,0.12285714285714285,0.022857142857142868,0.2542857142857143,0.7528571428571429,0.4913928571428572,0.95
think,Isabella ate a steak on Sunday-factL,0.2075,0.047500000000000014,0.475,0.545,0.27,0.905
think,Jackson ran 10 miles-factH,0.19,0.09714285714285716,0.3228571428571429,0.6685714285714286,0.42417857142857146,0.8271428571428572
think,Jackson ran 10 miles-factL,0.2309090909090909,0.11272727272727273,0.3691818181818181,0.7436363636363637,0.5663409090909092,0.8827272727272727
think,Jayden rented a car-factH,0.2816666666666667,0.07333333333333333,0.5266666666666667,0.5566666666666666,0.23333333333333334,0.865
think,Jayden rented a car-factL,0.02857142857142857,0.009999999999999998,0.05428571428571429,0.8185714285714286,0.5613214285714285,0.9771785714285713
think,Jon walks to work-factH,0.17,0.17,0.17,0.20999999999999996,0.20999999999999996,0.20999999999999996
think,Jon walks to work-factL,0.146,0.025999999999999995,0.314,0.782,0.384,0.998
think,Josh learned to ride a bike yesterday-factH,0.5,0.29468750000000005,0.8300000000000001,0.8225,0.55,1
think,Josh learned to ride a bike yesterday-factL,0.08,0.05285714285714286,0.10714285714285715,0.7914285714285715,0.5656785714285715,0.9714642857142857
think,Josie went on vacation to France-factH,0.328,0.144,0.474,0.782,0.586,0.978
think,Josie went on vacation to France-factL,0.16666666666666669,0.07329166666666667,0.26,0.63,0.3465416666666667,0.8833333333333333
think,Julian dances salsa-factH,0.13,0.07875,0.18,0.85625,0.76125,0.9575312500000001
think,Julian dances salsa-factL,0.234,0.07897499999999999,0.432025,0.656,0.45195,0.8740499999999999
think,Mary is pregnant-factH,0.5628571428571428,0.28,0.8371785714285713,0.8442857142857143,0.7056785714285713,0.9686071428571428
think,Mary is pregnant-factL,0.24142857142857144,0.11571428571428571,0.37857142857142856,0.7985714285714286,0.7085714285714285,0.9044642857142855
think,Mia drank 2 cocktails last night-factH,0.28,0.11499999999999999,0.45679166666666654,0.5816666666666667,0.2533333333333333,0.8634583333333331
think,Mia drank 2 cocktails last night-factL,0.13666666666666666,0.06666666666666667,0.20166666666666666,0.495,0.18333333333333335,0.8017083333333332
think,Olivia sleeps until noon-factH,0.22666666666666668,0,0.51,0.85,0.7,1
think,Olivia sleeps until noon-factL,0.5125,0.15749999999999997,0.83,0.65,0.33,0.97
think,Owen shoveled snow last winter-factH,0.11875,0.026249999999999996,0.23506249999999998,0.6675,0.51371875,0.8250312499999999
think,Owen shoveled snow last winter-factL,0.20833333333333334,0.11,0.31666666666666665,0.6533333333333333,0.3930416666666667,0.91
think,Sophia got a tattoo-factH,0.11,0.11,0.11,1,1,1
think,Sophia got a tattoo-factL,0.18857142857142858,0.09139285714285715,0.29285714285714287,0.46571428571428575,0.25849999999999995,0.6642857142857143
think,Tony had a drink last night-factH,0.05666666666666667,0.01658333333333334,0.10008333333333326,0.8049999999999999,0.6432916666666666,0.9600416666666666
think,Tony had a drink last night-factL,0.07555555555555556,0.025555555555555554,0.1288888888888889,0.7544444444444445,0.5321388888888889,0.9322222222222222
think,Zoe calculated the tip-factH,0.21888888888888888,0.07666666666666666,0.4389444444444444,0.7777777777777778,0.5977222222222223,0.9333888888888888
think,Zoe calculated the tip-factL,0.043750000000000004,0.011250000000000003,0.085,0.7,0.43875,0.94503125
