short_trigger,projective,aiMean,prior,content,workerid,betaProjective,caiMean,cprior
reveal,0.5,0.5965384615384616,0.91,charley,11,0.5,0.019838654236875253,0.4886732673267327
reveal,0.25,0.7208695652173913,0.26,charley,29,0.2504950495049505,0.144169757915805,-0.1613267326732673
reveal,0.05,0.7208695652173913,0.06,charley,83,0.05089108910891089,0.144169757915805,-0.3613267326732673
reveal,0.73,0.5965384615384616,1,charley,92,0.7295445544554455,0.019838654236875253,0.5786732673267327
reveal,0,0.7208695652173913,0.5,charley,101,9.9009900990099e-4,0.144169757915805,0.07867326732673269
reveal,0.86,0.5965384615384616,0.89,charley,156,0.8592871287128713,0.019838654236875253,0.4686732673267327
reveal,0.95,0.5965384615384616,0.96,charley,177,0.9491089108910892,0.019838654236875253,0.5386732673267327
reveal,0.62,0.7208695652173913,0.32,charley,189,0.6197623762376238,0.144169757915805,-0.1013267326732673
reveal,1,0.7208695652173913,0.05,charley,209,0.999009900990099,0.144169757915805,-0.3713267326732673
reveal,0.92,0.7208695652173913,0.35,charley,213,0.9191683168316832,0.144169757915805,-0.07132673267326733
reveal,0.96,0.7208695652173913,0.41,charley,268,0.959089108910891,0.144169757915805,-0.011326732673267337
reveal,0.99,0.7208695652173913,0.33,charley,273,0.989029702970297,0.144169757915805,-0.0913267326732673
reveal,0.8,0.5965384615384616,0.82,charley,284,0.7994059405940594,0.019838654236875253,0.39867326732673264
reveal,0.53,0.7208695652173913,0.35,charley,323,0.529940594059406,0.144169757915805,-0.07132673267326733
reveal,0.47,0.7208695652173913,0.49,charley,340,0.470059405940594,0.144169757915805,0.06867326732673268
reveal,0.99,0.7208695652173913,0.06,charley,463,0.989029702970297,0.144169757915805,-0.3613267326732673
reveal,0.52,0.5965384615384616,0.55,charley,496,0.519960396039604,0.019838654236875253,0.12867326732673273
reveal,0.65,0.5965384615384616,0.78,charley,500,0.6497029702970297,0.019838654236875253,0.3586732673267327
reveal,0.8,0.5965384615384616,0.97,charley,528,0.7994059405940594,0.019838654236875253,0.5486732673267327
reveal,0.24,0.5965384615384616,0.71,charley,538,0.2405148514851485,0.019838654236875253,0.28867326732673265
reveal,0.23,0.7208695652173913,0.04,charley,588,0.23053465346534657,0.144169757915805,-0.38132673267326733
reveal,0.79,0.584516129032258,0.8,danny,51,0.7894257425742575,0.007816321730671705,0.37867326732673273
reveal,0.64,0.584516129032258,0.5,danny,80,0.6397227722772277,0.007816321730671705,0.07867326732673269
reveal,0.45,0.5513636363636364,0.07,danny,104,0.4500990099009901,-0.02533617093794993,-0.3513267326732673
reveal,0.9,0.584516129032258,0.79,danny,110,0.8992079207920792,0.007816321730671705,0.3686732673267327
reveal,0.86,0.584516129032258,0.74,danny,144,0.8592871287128713,0.007816321730671705,0.3186732673267327
reveal,0.98,0.584516129032258,0.52,danny,151,0.979049504950495,0.007816321730671705,0.0986732673267327
reveal,0.62,0.5513636363636364,0.46,danny,164,0.6197623762376238,-0.02533617093794993,0.03867326732673271
reveal,0.57,0.584516129032258,0.84,danny,175,0.5698613861386138,0.007816321730671705,0.41867326732673266
reveal,0.99,0.584516129032258,0.88,danny,256,0.989029702970297,0.007816321730671705,0.4586732673267327
reveal,0.94,0.584516129032258,0.83,danny,296,0.9391287128712872,0.007816321730671705,0.40867326732673265
reveal,0.18,0.5513636363636364,0.32,danny,309,0.18063366336633663,-0.02533617093794993,-0.1013267326732673
reveal,0.82,0.5513636363636364,0.51,danny,354,0.8193663366336633,-0.02533617093794993,0.0886732673267327
reveal,0.62,0.5513636363636364,0.15,danny,366,0.6197623762376238,-0.02533617093794993,-0.27132673267326735
reveal,0.46,0.584516129032258,0.68,danny,381,0.4600792079207921,0.007816321730671705,0.25867326732673274
reveal,0,0.5513636363636364,0.16,danny,384,9.9009900990099e-4,-0.02533617093794993,-0.26132673267326734
reveal,0.81,0.584516129032258,0.65,danny,391,0.8093861386138614,0.007816321730671705,0.2286732673267327
reveal,0.68,0.5513636363636364,0.57,danny,394,0.6796435643564357,-0.02533617093794993,0.14867326732673264
reveal,0.39,0.584516129032258,0.55,danny,399,0.39021782178217823,0.007816321730671705,0.12867326732673273
reveal,0.1,0.5513636363636364,0.18,danny,454,0.1007920792079208,-0.02533617093794993,-0.24132673267326732
reveal,0.93,0.5513636363636364,0.38,danny,470,0.9291485148514852,-0.02533617093794993,-0.04132673267326731
reveal,0.91,0.5513636363636364,0.28,danny,489,0.9091881188118812,-0.02533617093794993,-0.14132673267326729
reveal,0.2,0.584516129032258,0.79,danny,507,0.2005940594059406,0.007816321730671705,0.3686732673267327
reveal,1,0.5513636363636364,0.33,danny,510,0.999009900990099,-0.02533617093794993,-0.0913267326732673
reveal,0.57,0.584516129032258,0.59,danny,511,0.5698613861386138,0.007816321730671705,0.16867326732673266
reveal,0.77,0.5513636363636364,0.19,danny,517,0.7694653465346535,-0.02533617093794993,-0.2313267326732673
reveal,0.7,0.5513636363636364,0.35,danny,520,0.6996039603960396,-0.02533617093794993,-0.07132673267326733
reveal,0.98,0.5513636363636364,0.1,danny,523,0.979049504950495,-0.02533617093794993,-0.3213267326732673
reveal,0.73,0.5513636363636364,0.15,danny,572,0.7295445544554455,-0.02533617093794993,-0.27132673267326735
reveal,0.03,0.5327272727272727,0.57,emily,16,0.03093069306930693,-0.043972534574313604,0.14867326732673264
reveal,0.8,0.5327272727272727,0.26,emily,61,0.7994059405940594,-0.043972534574313604,-0.1613267326732673
reveal,0.17,0.5205,0.06,emily,146,0.17065346534653467,-0.05619980730158636,-0.3613267326732673
reveal,0.83,0.5327272727272727,0.12,emily,212,0.8293465346534653,-0.043972534574313604,-0.3013267326732673
reveal,0.18,0.5205,0.51,emily,221,0.18063366336633663,-0.05619980730158636,0.0886732673267327
reveal,0.72,0.5205,0.35,emily,228,0.7195643564356435,-0.05619980730158636,-0.07132673267326733
reveal,0.1,0.5205,0.31,emily,245,0.1007920792079208,-0.05619980730158636,-0.11132673267326731
reveal,0.77,0.5205,0.06,emily,266,0.7694653465346535,-0.05619980730158636,-0.3613267326732673
reveal,0.22,0.5327272727272727,0.31,emily,277,0.22055445544554456,-0.043972534574313604,-0.11132673267326731
reveal,0.77,0.5327272727272727,1,emily,292,0.7694653465346535,-0.043972534574313604,0.5786732673267327
reveal,0.28,0.5327272727272727,0.92,emily,300,0.28043564356435646,-0.043972534574313604,0.4986732673267327
reveal,0.02,0.5327272727272727,0.77,emily,307,0.02095049504950495,-0.043972534574313604,0.3486732673267327
reveal,0.73,0.5327272727272727,0.28,emily,319,0.7295445544554455,-0.043972534574313604,-0.14132673267326729
reveal,0.97,0.5327272727272727,0.86,emily,427,0.969069306930693,-0.043972534574313604,0.4386732673267327
reveal,0.77,0.5327272727272727,0.66,emily,453,0.7694653465346535,-0.043972534574313604,0.23867326732673272
reveal,0.46,0.5205,0.04,emily,476,0.4600792079207921,-0.05619980730158636,-0.38132673267326733
reveal,0.87,0.5327272727272727,0.05,emily,478,0.8692673267326733,-0.043972534574313604,-0.3713267326732673
reveal,0.19,0.5327272727272727,0.5,emily,484,0.19061386138613864,-0.043972534574313604,0.07867326732673269
reveal,0.96,0.5327272727272727,0.72,emily,530,0.959089108910891,-0.043972534574313604,0.29867326732673266
reveal,0.6,0.5327272727272727,0.48,emily,562,0.5998019801980198,-0.043972534574313604,0.05867326732673267
reveal,0.23,0.5307407407407407,0.74,emma,33,0.23053465346534657,-0.045959066560845585,0.3186732673267327
reveal,0.62,0.5307407407407407,0.54,emma,42,0.6197623762376238,-0.045959066560845585,0.11867326732673272
reveal,0.2,0.5307407407407407,0.52,emma,48,0.2005940594059406,-0.045959066560845585,0.0986732673267327
reveal,0.21,0.5307407407407407,0.71,emma,62,0.21057425742574257,-0.045959066560845585,0.28867326732673265
reveal,0.05,0.5307407407407407,0.69,emma,67,0.05089108910891089,-0.045959066560845585,0.26867326732673263
reveal,0.97,0.5226923076923077,0.12,emma,90,0.969069306930693,-0.05400749960927864,-0.3013267326732673
reveal,0.76,0.5307407407407407,0.86,emma,127,0.7594851485148515,-0.045959066560845585,0.4386732673267327
reveal,0.1,0.5307407407407407,0.91,emma,157,0.1007920792079208,-0.045959066560845585,0.4886732673267327
reveal,0.98,0.5226923076923077,0.03,emma,185,0.979049504950495,-0.05400749960927864,-0.39132673267326734
reveal,0.69,0.5226923076923077,0.11,emma,187,0.6896237623762376,-0.05400749960927864,-0.3113267326732673
reveal,0.24,0.5307407407407407,0.54,emma,195,0.2405148514851485,-0.045959066560845585,0.11867326732673272
reveal,0.39,0.5226923076923077,0.24,emma,196,0.39021782178217823,-0.05400749960927864,-0.18132673267326732
reveal,0.7,0.5226923076923077,0.43,emma,198,0.6996039603960396,-0.05400749960927864,0.008673267326732681
reveal,0.96,0.5226923076923077,0.94,emma,230,0.959089108910891,-0.05400749960927864,0.5186732673267327
reveal,0.96,0.5307407407407407,0.83,emma,291,0.959089108910891,-0.045959066560845585,0.40867326732673265
reveal,0.53,0.5226923076923077,0.09,emma,308,0.529940594059406,-0.05400749960927864,-0.3313267326732673
reveal,0.7,0.5307407407407407,0.62,emma,316,0.6996039603960396,-0.045959066560845585,0.19867326732673268
reveal,0.42,0.5226923076923077,0.3,emma,322,0.42015841584158414,-0.05400749960927864,-0.12132673267326732
reveal,0.17,0.5226923076923077,0.14,emma,332,0.17065346534653467,-0.05400749960927864,-0.2813267326732673
reveal,0.75,0.5226923076923077,0.05,emma,341,0.7495049504950495,-0.05400749960927864,-0.3713267326732673
reveal,0.15,0.5226923076923077,0.07,emma,345,0.1506930693069307,-0.05400749960927864,-0.3513267326732673
reveal,0.32,0.5226923076923077,0.25,emma,346,0.32035643564356436,-0.05400749960927864,-0.1713267326732673
reveal,0.13,0.5226923076923077,0.38,emma,358,0.13073267326732674,-0.05400749960927864,-0.04132673267326731
reveal,0.33,0.5226923076923077,0.55,emma,363,0.33033663366336635,-0.05400749960927864,0.12867326732673273
reveal,0.24,0.5307407407407407,0.5,emma,392,0.2405148514851485,-0.045959066560845585,0.07867326732673269
reveal,0.02,0.5226923076923077,0,emma,403,0.02095049504950495,-0.05400749960927864,-0.4213267326732673
reveal,0.8,0.5307407407407407,0.79,emma,405,0.7994059405940594,-0.045959066560845585,0.3686732673267327
reveal,0.67,0.5226923076923077,0.11,emma,407,0.6696633663366337,-0.05400749960927864,-0.3113267326732673
reveal,0.03,0.5307407407407407,0.96,emma,471,0.03093069306930693,-0.045959066560845585,0.5386732673267327
reveal,0.93,0.5307407407407407,0.79,emma,529,0.9291485148514852,-0.045959066560845585,0.3686732673267327
reveal,0.7,0.5226923076923077,0.12,emma,542,0.6996039603960396,-0.05400749960927864,-0.3013267326732673
reveal,0.01,0.5703333333333334,0,frank,3,0.01097029702970297,-0.006366473968252961,-0.4213267326732673
reveal,0.19,0.5703333333333334,0.1,frank,37,0.19061386138613864,-0.006366473968252961,-0.3213267326732673
reveal,0.18,0.6241176470588236,0.49,frank,52,0.18063366336633663,0.047417839757237235,0.06867326732673268
reveal,0.48,0.5703333333333334,0.28,frank,71,0.480039603960396,-0.006366473968252961,-0.14132673267326729
reveal,0.67,0.6241176470588236,0.53,frank,99,0.6696633663366337,0.047417839757237235,0.10867326732673271
reveal,0.02,0.6241176470588236,0.5,frank,112,0.02095049504950495,0.047417839757237235,0.07867326732673269
reveal,0.37,0.6241176470588236,0.77,frank,119,0.37025742574257425,0.047417839757237235,0.3486732673267327
reveal,1,0.6241176470588236,0.49,frank,131,0.999009900990099,0.047417839757237235,0.06867326732673268
reveal,0.78,0.5703333333333334,0.11,frank,155,0.7794455445544555,-0.006366473968252961,-0.3113267326732673
reveal,0.12,0.6241176470588236,0.5,frank,174,0.12075247524752476,0.047417839757237235,0.07867326732673269
reveal,0.78,0.5703333333333334,0.07,frank,186,0.7794455445544555,-0.006366473968252961,-0.3513267326732673
reveal,0.94,0.6241176470588236,0.78,frank,205,0.9391287128712872,0.047417839757237235,0.3586732673267327
reveal,0.73,0.6241176470588236,0.84,frank,232,0.7295445544554455,0.047417839757237235,0.41867326732673266
reveal,0.62,0.5703333333333334,0.1,frank,250,0.6197623762376238,-0.006366473968252961,-0.3213267326732673
reveal,0.61,0.6241176470588236,0.77,frank,261,0.6097821782178218,0.047417839757237235,0.3486732673267327
reveal,0.82,0.5703333333333334,0.09,frank,285,0.8193663366336633,-0.006366473968252961,-0.3313267326732673
reveal,0.91,0.5703333333333334,0.07,frank,299,0.9091881188118812,-0.006366473968252961,-0.3513267326732673
reveal,0.41,0.6241176470588236,0.59,frank,324,0.41017821782178215,0.047417839757237235,0.16867326732673266
reveal,0.22,0.5703333333333334,0.01,frank,371,0.22055445544554456,-0.006366473968252961,-0.4113267326732673
reveal,0.19,0.5703333333333334,0.06,frank,377,0.19061386138613864,-0.006366473968252961,-0.3613267326732673
reveal,0.82,0.5703333333333334,0.16,frank,393,0.8193663366336633,-0.006366473968252961,-0.26132673267326734
reveal,0.84,0.5703333333333334,0.04,frank,411,0.8393267326732673,-0.006366473968252961,-0.38132673267326733
reveal,0.6,0.5703333333333334,0.04,frank,418,0.5998019801980198,-0.006366473968252961,-0.38132673267326733
reveal,1,0.6241176470588236,0.5,frank,448,0.999009900990099,0.047417839757237235,0.07867326732673269
reveal,0.67,0.6241176470588236,0.68,frank,449,0.6696633663366337,0.047417839757237235,0.25867326732673274
reveal,0.96,0.6241176470588236,0.62,frank,462,0.959089108910891,0.047417839757237235,0.19867326732673268
reveal,0,0.6241176470588236,0.62,frank,472,9.9009900990099e-4,0.047417839757237235,0.19867326732673268
reveal,0.01,0.5703333333333334,0.03,frank,552,0.01097029702970297,-0.006366473968252961,-0.39132673267326734
reveal,0.6,0.6241176470588236,0.94,frank,565,0.5998019801980198,0.047417839757237235,0.5186732673267327
reveal,1,0.6241176470588236,0.5,frank,580,0.999009900990099,0.047417839757237235,0.07867326732673269
reveal,0.28,0.5703333333333334,0.04,frank,585,0.28043564356435646,-0.006366473968252961,-0.38132673267326733
reveal,0.01,0.6241176470588236,0.82,frank,592,0.01097029702970297,0.047417839757237235,0.39867326732673264
reveal,0.65,0.5525,0.9,grace,10,0.6497029702970297,-0.02419980730158633,0.4786732673267327
reveal,0.05,0.5525,0.84,grace,38,0.05089108910891089,-0.02419980730158633,0.41867326732673266
reveal,1,0.5331034482758621,0.17,grace,79,0.999009900990099,-0.04359635902572423,-0.25132673267326733
reveal,0.44,0.5525,0.89,grace,182,0.4401188118811881,-0.02419980730158633,0.4686732673267327
reveal,0.01,0.5331034482758621,0.12,grace,184,0.01097029702970297,-0.04359635902572423,-0.3013267326732673
reveal,0.53,0.5525,0.83,grace,224,0.529940594059406,-0.02419980730158633,0.40867326732673265
reveal,0.62,0.5331034482758621,0.74,grace,234,0.6197623762376238,-0.04359635902572423,0.3186732673267327
reveal,0.02,0.5331034482758621,0.15,grace,252,0.02095049504950495,-0.04359635902572423,-0.27132673267326735
reveal,0.3,0.5331034482758621,0.11,grace,254,0.3003960396039604,-0.04359635902572423,-0.3113267326732673
reveal,0.08,0.5331034482758621,0.21,grace,280,0.08083168316831683,-0.04359635902572423,-0.21132673267326732
reveal,0.95,0.5525,0.73,grace,306,0.9491089108910892,-0.02419980730158633,0.30867326732673267
reveal,0,0.5525,0.96,grace,310,9.9009900990099e-4,-0.02419980730158633,0.5386732673267327
reveal,0.89,0.5525,0.93,grace,311,0.8892277227722772,-0.02419980730158633,0.5086732673267327
reveal,0.74,0.5525,0.87,grace,339,0.7395247524752475,-0.02419980730158633,0.4486732673267327
reveal,0.01,0.5331034482758621,0,grace,357,0.01097029702970297,-0.04359635902572423,-0.4213267326732673
reveal,0.49,0.5525,0.93,grace,386,0.490019801980198,-0.02419980730158633,0.5086732673267327
reveal,0.92,0.5331034482758621,0.11,grace,406,0.9191683168316832,-0.04359635902572423,-0.3113267326732673
reveal,0.41,0.5331034482758621,0.5,grace,436,0.41017821782178215,-0.04359635902572423,0.07867326732673269
reveal,0.96,0.5525,0.68,grace,468,0.959089108910891,-0.02419980730158633,0.25867326732673274
reveal,1,0.5331034482758621,0.11,grace,488,0.999009900990099,-0.04359635902572423,-0.3113267326732673
reveal,0.37,0.5331034482758621,0.3,grace,497,0.37025742574257425,-0.04359635902572423,-0.12132673267326732
reveal,0.04,0.5331034482758621,0.19,grace,509,0.04091089108910891,-0.04359635902572423,-0.2313267326732673
reveal,0.15,0.5331034482758621,0.11,grace,518,0.1506930693069307,-0.04359635902572423,-0.3113267326732673
reveal,0.51,0.5525,0.76,grace,527,0.509980198019802,-0.02419980730158633,0.3386732673267327
reveal,0.17,0.5525,0.94,grace,543,0.17065346534653467,-0.02419980730158633,0.5186732673267327
reveal,0.01,0.5331034482758621,0.26,grace,551,0.01097029702970297,-0.04359635902572423,-0.1613267326732673
reveal,0.48,0.5331034482758621,0.12,grace,571,0.480039603960396,-0.04359635902572423,-0.3013267326732673
reveal,0.26,0.5331034482758621,0.27,grace,582,0.2604752475247525,-0.04359635902572423,-0.1513267326732673
reveal,0.97,0.5525,0.68,grace,590,0.969069306930693,-0.02419980730158633,0.25867326732673274
reveal,0.05,0.5331034482758621,0,grace,591,0.05089108910891089,-0.04359635902572423,-0.4213267326732673
reveal,1,0.6072,0.5,isabella,8,0.999009900990099,0.030500192698413642,0.07867326732673269
reveal,0.98,0.6072,0.17,isabella,24,0.979049504950495,0.030500192698413642,-0.25132673267326733
reveal,0,0.6072,0.51,isabella,103,9.9009900990099e-4,0.030500192698413642,0.0886732673267327
reveal,0.44,0.5146666666666667,0.03,isabella,138,0.4401188118811881,-0.062033140634919604,-0.39132673267326734
reveal,0.99,0.5146666666666667,0.49,isabella,142,0.989029702970297,-0.062033140634919604,0.06867326732673268
reveal,0.86,0.5146666666666667,0.19,isabella,188,0.8592871287128713,-0.062033140634919604,-0.2313267326732673
reveal,0.02,0.5146666666666667,0.02,isabella,203,0.02095049504950495,-0.062033140634919604,-0.4013267326732673
reveal,0.44,0.5146666666666667,0.45,isabella,215,0.4401188118811881,-0.062033140634919604,0.0286732673267327
reveal,0.03,0.5146666666666667,0.22,isabella,233,0.03093069306930693,-0.062033140634919604,-0.2013267326732673
reveal,0.04,0.5146666666666667,0.01,isabella,251,0.04091089108910891,-0.062033140634919604,-0.4113267326732673
reveal,0.33,0.5146666666666667,0.03,isabella,265,0.33033663366336635,-0.062033140634919604,-0.39132673267326734
reveal,0.35,0.6072,0.49,isabella,276,0.3502970297029703,0.030500192698413642,0.06867326732673268
reveal,0.77,0.6072,0.07,isabella,290,0.7694653465346535,0.030500192698413642,-0.3513267326732673
reveal,0,0.6072,0.84,isabella,294,9.9009900990099e-4,0.030500192698413642,0.41867326732673266
reveal,0,0.6072,0.83,isabella,312,9.9009900990099e-4,0.030500192698413642,0.40867326732673265
reveal,0.63,0.5146666666666667,0.01,isabella,329,0.6297425742574257,-0.062033140634919604,-0.4113267326732673
reveal,0.94,0.6072,0.32,isabella,331,0.9391287128712872,0.030500192698413642,-0.1013267326732673
reveal,0.73,0.6072,0.61,isabella,342,0.7295445544554455,0.030500192698413642,0.18867326732673267
reveal,0.74,0.6072,0.59,isabella,355,0.7395247524752475,0.030500192698413642,0.16867326732673266
reveal,0.98,0.5146666666666667,0.05,isabella,374,0.979049504950495,-0.062033140634919604,-0.3713267326732673
reveal,0.26,0.5146666666666667,0.04,isabella,375,0.2604752475247525,-0.062033140634919604,-0.38132673267326733
reveal,0.09,0.5146666666666667,0.01,isabella,398,0.0908118811881188,-0.062033140634919604,-0.4113267326732673
reveal,0.83,0.6072,0.45,isabella,402,0.8293465346534653,0.030500192698413642,0.0286732673267327
reveal,0.38,0.6072,0.2,isabella,433,0.38023762376237624,0.030500192698413642,-0.2213267326732673
reveal,0.04,0.5146666666666667,0.07,isabella,475,0.04091089108910891,-0.062033140634919604,-0.3513267326732673
reveal,0.8,0.6072,0.68,isabella,495,0.7994059405940594,0.030500192698413642,0.25867326732673274
reveal,0.53,0.5146666666666667,0.34,isabella,503,0.529940594059406,-0.062033140634919604,-0.08132673267326729
reveal,1,0.6072,0.49,isabella,508,0.999009900990099,0.030500192698413642,0.06867326732673268
reveal,0.89,0.5146666666666667,0.02,isabella,577,0.8892277227722772,-0.062033140634919604,-0.4013267326732673
reveal,0.1,0.6072,0.5,isabella,579,0.1007920792079208,0.030500192698413642,0.07867326732673269
reveal,0.12,0.5146666666666667,0.02,isabella,595,0.12075247524752476,-0.062033140634919604,-0.4013267326732673
reveal,0.27,0.44058823529411767,0.78,jackson,44,0.2704554455445545,-0.13611157200746865,0.3586732673267327
reveal,0.84,0.5296551724137931,0.24,jackson,77,0.8393267326732673,-0.0470446348877932,-0.18132673267326732
reveal,0.15,0.5296551724137931,0.01,jackson,118,0.1506930693069307,-0.0470446348877932,-0.4113267326732673
reveal,0.02,0.5296551724137931,0.21,jackson,134,0.02095049504950495,-0.0470446348877932,-0.21132673267326732
reveal,0,0.5296551724137931,0,jackson,153,9.9009900990099e-4,-0.0470446348877932,-0.4213267326732673
reveal,0.97,0.5296551724137931,0.01,jackson,169,0.969069306930693,-0.0470446348877932,-0.4113267326732673
reveal,0.43,0.44058823529411767,0.84,jackson,173,0.4301386138613862,-0.13611157200746865,0.41867326732673266
reveal,0.81,0.44058823529411767,0.87,jackson,176,0.8093861386138614,-0.13611157200746865,0.4486732673267327
reveal,0.69,0.5296551724137931,0.15,jackson,208,0.6896237623762376,-0.0470446348877932,-0.27132673267326735
reveal,1,0.5296551724137931,0.26,jackson,241,0.999009900990099,-0.0470446348877932,-0.1613267326732673
reveal,0.6,0.5296551724137931,0.14,jackson,258,0.5998019801980198,-0.0470446348877932,-0.2813267326732673
reveal,0.96,0.44058823529411767,0.89,jackson,298,0.959089108910891,-0.13611157200746865,0.4686732673267327
reveal,0.79,0.44058823529411767,0.78,jackson,335,0.7894257425742575,-0.13611157200746865,0.3586732673267327
reveal,0.99,0.5296551724137931,0.67,jackson,378,0.989029702970297,-0.0470446348877932,0.24867326732673273
reveal,0.06,0.5296551724137931,0.07,jackson,400,0.06087128712871287,-0.0470446348877932,-0.3513267326732673
reveal,0.65,0.44058823529411767,0.77,jackson,416,0.6497029702970297,-0.13611157200746865,0.3486732673267327
reveal,0,0.5296551724137931,0,jackson,440,9.9009900990099e-4,-0.0470446348877932,-0.4213267326732673
reveal,0.73,0.5296551724137931,0.06,jackson,467,0.7295445544554455,-0.0470446348877932,-0.3613267326732673
reveal,0.26,0.5296551724137931,0.08,jackson,534,0.2604752475247525,-0.0470446348877932,-0.3413267326732673
reveal,0.03,0.5296551724137931,0.23,jackson,561,0.03093069306930693,-0.0470446348877932,-0.1913267326732673
reveal,0.96,0.44058823529411767,0.91,jackson,573,0.959089108910891,-0.13611157200746865,0.4886732673267327
reveal,0.51,0.5446666666666666,0.49,jayden,4,0.509980198019802,-0.03203314063491969,0.06867326732673268
reveal,0,0.5446666666666666,1,jayden,22,9.9009900990099e-4,-0.03203314063491969,0.5786732673267327
reveal,0.91,0.5446666666666666,0.78,jayden,26,0.9091881188118812,-0.03203314063491969,0.3586732673267327
reveal,0.16,0.5446666666666666,0.48,jayden,36,0.16067326732673268,-0.03203314063491969,0.05867326732673267
reveal,0.41,0.5446666666666666,0.6,jayden,43,0.41017821782178215,-0.03203314063491969,0.17867326732673267
reveal,0.5,0.5973333333333333,0,jayden,60,0.5,0.02063352603174695,-0.4213267326732673
reveal,0.24,0.5973333333333333,0.07,jayden,82,0.2405148514851485,0.02063352603174695,-0.3513267326732673
reveal,0.49,0.5973333333333333,0.07,jayden,97,0.490019801980198,0.02063352603174695,-0.3513267326732673
reveal,0.75,0.5446666666666666,0.49,jayden,165,0.7495049504950495,-0.03203314063491969,0.06867326732673268
reveal,0.84,0.5973333333333333,0.01,jayden,199,0.8393267326732673,0.02063352603174695,-0.4113267326732673
reveal,0.15,0.5973333333333333,0,jayden,217,0.1506930693069307,0.02063352603174695,-0.4213267326732673
reveal,0.66,0.5973333333333333,0.66,jayden,222,0.6596831683168317,0.02063352603174695,0.23867326732673272
reveal,0,0.5973333333333333,0.58,jayden,238,9.9009900990099e-4,0.02063352603174695,0.15867326732673265
reveal,0.23,0.5446666666666666,0.81,jayden,239,0.23053465346534657,-0.03203314063491969,0.38867326732673274
reveal,0.3,0.5973333333333333,0.03,jayden,260,0.3003960396039604,0.02063352603174695,-0.39132673267326734
reveal,0.02,0.5973333333333333,0.01,jayden,275,0.02095049504950495,0.02063352603174695,-0.4113267326732673
reveal,0.87,0.5446666666666666,0.5,jayden,286,0.8692673267326733,-0.03203314063491969,0.07867326732673269
reveal,1,0.5446666666666666,0.31,jayden,301,0.999009900990099,-0.03203314063491969,-0.11132673267326731
reveal,0.01,0.5973333333333333,0.5,jayden,302,0.01097029702970297,0.02063352603174695,0.07867326732673269
reveal,0.84,0.5446666666666666,0.49,jayden,343,0.8393267326732673,-0.03203314063491969,0.06867326732673268
reveal,0.09,0.5446666666666666,0.84,jayden,348,0.0908118811881188,-0.03203314063491969,0.41867326732673266
reveal,0.2,0.5446666666666666,0.88,jayden,356,0.2005940594059406,-0.03203314063491969,0.4586732673267327
reveal,1,0.5973333333333333,0,jayden,361,0.999009900990099,0.02063352603174695,-0.4213267326732673
reveal,1,0.5446666666666666,0.44,jayden,367,0.999009900990099,-0.03203314063491969,0.01867326732673269
reveal,0.7,0.5973333333333333,0,jayden,370,0.6996039603960396,0.02063352603174695,-0.4213267326732673
reveal,0.51,0.5973333333333333,0.01,jayden,383,0.509980198019802,0.02063352603174695,-0.4113267326732673
reveal,0.83,0.5973333333333333,0,jayden,385,0.8293465346534653,0.02063352603174695,-0.4213267326732673
reveal,0.21,0.5973333333333333,0.03,jayden,389,0.21057425742574257,0.02063352603174695,-0.39132673267326734
reveal,0.82,0.5973333333333333,0,jayden,404,0.8193663366336633,0.02063352603174695,-0.4213267326732673
reveal,0.99,0.5446666666666666,0.51,jayden,417,0.989029702970297,-0.03203314063491969,0.0886732673267327
reveal,1,0.5446666666666666,0.83,jayden,426,0.999009900990099,-0.03203314063491969,0.40867326732673265
reveal,0.24,0.5446666666666666,0.56,jayden,431,0.2405148514851485,-0.03203314063491969,0.13867326732673274
reveal,0,0.5973333333333333,0,jayden,435,9.9009900990099e-4,0.02063352603174695,-0.4213267326732673
reveal,0.76,0.5446666666666666,0.72,jayden,437,0.7594851485148515,-0.03203314063491969,0.29867326732673266
reveal,0.98,0.5973333333333333,0.03,jayden,451,0.979049504950495,0.02063352603174695,-0.39132673267326734
reveal,0.14,0.5446666666666666,0.83,jayden,455,0.14071287128712873,-0.03203314063491969,0.40867326732673265
reveal,0.11,0.5446666666666666,0.77,jayden,525,0.11077227722772276,-0.03203314063491969,0.3486732673267327
reveal,0.49,0.5446666666666666,0.5,jayden,547,0.490019801980198,-0.03203314063491969,0.07867326732673269
reveal,0.27,0.5973333333333333,0.05,jayden,553,0.2704554455445545,0.02063352603174695,-0.3713267326732673
reveal,0,0.5446666666666666,0.63,jayden,578,9.9009900990099e-4,-0.03203314063491969,0.2086732673267327
reveal,0.51,0.6272,0.62,jon,25,0.509980198019802,0.05050019269841366,0.19867326732673268
reveal,0.97,0.7396774193548387,0.03,jon,39,0.969069306930693,0.16297761205325234,-0.39132673267326734
reveal,0.76,0.6272,0.94,jon,46,0.7594851485148515,0.05050019269841366,0.5186732673267327
reveal,0.79,0.6272,0.82,jon,73,0.7894257425742575,0.05050019269841366,0.39867326732673264
reveal,0.86,0.6272,0.73,jon,87,0.8592871287128713,0.05050019269841366,0.30867326732673267
reveal,0.99,0.7396774193548387,0.04,jon,124,0.989029702970297,0.16297761205325234,-0.38132673267326733
reveal,0.77,0.6272,0.85,jon,132,0.7694653465346535,0.05050019269841366,0.42867326732673267
reveal,0.88,0.6272,0.9,jon,135,0.8792475247524753,0.05050019269841366,0.4786732673267327
reveal,0.31,0.7396774193548387,0.4,jon,137,0.3103762376237624,0.16297761205325234,-0.02132673267326729
reveal,0.04,0.7396774193548387,0.05,jon,160,0.04091089108910891,0.16297761205325234,-0.3713267326732673
reveal,0.48,0.7396774193548387,0.01,jon,170,0.480039603960396,0.16297761205325234,-0.4113267326732673
reveal,0.9,0.6272,0.87,jon,172,0.8992079207920792,0.05050019269841366,0.4486732673267327
reveal,0.06,0.7396774193548387,0.26,jon,206,0.06087128712871287,0.16297761205325234,-0.1613267326732673
reveal,0.81,0.7396774193548387,0.34,jon,253,0.8093861386138614,0.16297761205325234,-0.08132673267326729
reveal,1,0.7396774193548387,0,jon,313,0.999009900990099,0.16297761205325234,-0.4213267326732673
reveal,0.98,0.7396774193548387,0.01,jon,321,0.979049504950495,0.16297761205325234,-0.4113267326732673
reveal,0.04,0.7396774193548387,0.17,jon,379,0.04091089108910891,0.16297761205325234,-0.25132673267326733
reveal,0.98,0.6272,0.91,jon,388,0.979049504950495,0.05050019269841366,0.4886732673267327
reveal,0.12,0.7396774193548387,0.11,jon,396,0.12075247524752476,0.16297761205325234,-0.3113267326732673
reveal,0.49,0.6272,0.5,jon,456,0.490019801980198,0.05050019269841366,0.07867326732673269
reveal,0.88,0.6272,0.61,jon,483,0.8792475247524753,0.05050019269841366,0.18867326732673267
reveal,0.81,0.6272,0.91,jon,491,0.8093861386138614,0.05050019269841366,0.4886732673267327
reveal,0.99,0.6272,0.91,jon,536,0.989029702970297,0.05050019269841366,0.4886732673267327
reveal,0.01,0.7396774193548387,0.21,jon,546,0.01097029702970297,0.16297761205325234,-0.21132673267326732
reveal,0.02,0.6272,0.6,jon,550,0.02095049504950495,0.05050019269841366,0.17867326732673267
reveal,0.97,0.7396774193548387,0.14,jon,583,0.969069306930693,0.16297761205325234,-0.2813267326732673
reveal,0.85,0.7396774193548387,0.2,jon,586,0.8493069306930693,0.16297761205325234,-0.2213267326732673
reveal,0.34,0.4766666666666667,0.17,josh,7,0.34031683168316834,-0.10003314063491964,-0.25132673267326733
reveal,0.49,0.6409523809523809,0.04,josh,21,0.490019801980198,0.06425257365079462,-0.38132673267326733
reveal,0.05,0.6409523809523809,0.13,josh,69,0.05089108910891089,0.06425257365079462,-0.2913267326732673
reveal,0,0.4766666666666667,0.25,josh,109,9.9009900990099e-4,-0.10003314063491964,-0.1713267326732673
reveal,0.23,0.6409523809523809,0.5,josh,123,0.23053465346534657,0.06425257365079462,0.07867326732673269
reveal,0.8,0.4766666666666667,0.39,josh,130,0.7994059405940594,-0.10003314063491964,-0.0313267326732673
reveal,0.98,0.4766666666666667,0.53,josh,150,0.979049504950495,-0.10003314063491964,0.10867326732673271
reveal,0.92,0.6409523809523809,0.35,josh,194,0.9191683168316832,0.06425257365079462,-0.07132673267326733
reveal,0.63,0.6409523809523809,0.19,josh,231,0.6297425742574257,0.06425257365079462,-0.2313267326732673
reveal,0.06,0.4766666666666667,0.68,josh,237,0.06087128712871287,-0.10003314063491964,0.25867326732673274
reveal,0,0.4766666666666667,0.49,josh,242,9.9009900990099e-4,-0.10003314063491964,0.06867326732673268
reveal,0,0.6409523809523809,0.15,josh,295,9.9009900990099e-4,0.06425257365079462,-0.27132673267326735
reveal,0.23,0.6409523809523809,0.07,josh,349,0.23053465346534657,0.06425257365079462,-0.3513267326732673
reveal,0.26,0.6409523809523809,0.22,josh,351,0.2604752475247525,0.06425257365079462,-0.2013267326732673
reveal,0.8,0.6409523809523809,0.06,josh,353,0.7994059405940594,0.06425257365079462,-0.3613267326732673
reveal,0.09,0.4766666666666667,0.39,josh,380,0.0908118811881188,-0.10003314063491964,-0.0313267326732673
reveal,0.77,0.4766666666666667,0.54,josh,387,0.7694653465346535,-0.10003314063491964,0.11867326732673272
reveal,0.37,0.6409523809523809,0.29,josh,414,0.37025742574257425,0.06425257365079462,-0.13132673267326733
reveal,0.73,0.6409523809523809,0.14,josh,452,0.7295445544554455,0.06425257365079462,-0.2813267326732673
reveal,0.49,0.6409523809523809,0.05,josh,492,0.490019801980198,0.06425257365079462,-0.3713267326732673
reveal,0.86,0.6409523809523809,0.09,josh,519,0.8592871287128713,0.06425257365079462,-0.3313267326732673
reveal,0.9,0.4766666666666667,0.65,josh,587,0.8992079207920792,-0.10003314063491964,0.2286732673267327
reveal,0.23,0.6,0,josie,6,0.23053465346534657,0.023300192698413658,-0.4213267326732673
reveal,0.2,0.6,0,josie,31,0.2005940594059406,0.023300192698413658,-0.4213267326732673
reveal,0.87,0.6,0.03,josie,59,0.8692673267326733,0.023300192698413658,-0.39132673267326734
reveal,0.49,0.6,0,josie,74,0.490019801980198,0.023300192698413658,-0.4213267326732673
reveal,0.76,0.49892857142857144,0.74,josie,100,0.7594851485148515,-0.07777123587301488,0.3186732673267327
reveal,0.83,0.49892857142857144,0.79,josie,122,0.8293465346534653,-0.07777123587301488,0.3686732673267327
reveal,1,0.49892857142857144,0.68,josie,141,0.999009900990099,-0.07777123587301488,0.25867326732673274
reveal,0.99,0.49892857142857144,0.81,josie,201,0.989029702970297,-0.07777123587301488,0.38867326732673274
reveal,1,0.6,0,josie,211,0.999009900990099,0.023300192698413658,-0.4213267326732673
reveal,0.01,0.6,0.05,josie,220,0.01097029702970297,0.023300192698413658,-0.3713267326732673
reveal,0.48,0.49892857142857144,1,josie,247,0.480039603960396,-0.07777123587301488,0.5786732673267327
reveal,0.8,0.49892857142857144,0.69,josie,410,0.7994059405940594,-0.07777123587301488,0.26867326732673263
reveal,0.33,0.6,0,josie,419,0.33033663366336635,0.023300192698413658,-0.4213267326732673
reveal,0.06,0.6,0.17,josie,443,0.06087128712871287,0.023300192698413658,-0.25132673267326733
reveal,0.84,0.49892857142857144,0.5,josie,445,0.8393267326732673,-0.07777123587301488,0.07867326732673269
reveal,0.5,0.6,0.17,josie,481,0.5,0.023300192698413658,-0.25132673267326733
reveal,0.84,0.49892857142857144,0.82,josie,486,0.8393267326732673,-0.07777123587301488,0.39867326732673264
reveal,1,0.49892857142857144,0.43,josie,494,0.999009900990099,-0.07777123587301488,0.008673267326732681
reveal,0.73,0.49892857142857144,0.62,josie,522,0.7295445544554455,-0.07777123587301488,0.19867326732673268
reveal,0.71,0.49892857142857144,0.99,josie,526,0.7095841584158415,-0.07777123587301488,0.5686732673267327
reveal,0.15,0.49892857142857144,0.48,josie,533,0.1506930693069307,-0.07777123587301488,0.05867326732673267
reveal,0.94,0.6,0.04,josie,535,0.9391287128712872,0.023300192698413658,-0.38132673267326733
reveal,0.99,0.49892857142857144,0.97,josie,563,0.989029702970297,-0.07777123587301488,0.5486732673267327
reveal,0.93,0.49892857142857144,0.7,josie,597,0.9291485148514852,-0.07777123587301488,0.27867326732673264
reveal,0.74,0.6,0.05,josie,599,0.7395247524752475,0.023300192698413658,-0.3713267326732673
reveal,0.12,0.4941666666666667,0.16,julian,63,0.12075247524752476,-0.08253314063491962,-0.26132673267326734
reveal,0.5,0.4941666666666667,0.28,julian,70,0.5,-0.08253314063491962,-0.14132673267326729
reveal,0.74,0.5205882352941177,0.85,julian,116,0.7395247524752475,-0.056111572007468635,0.42867326732673267
reveal,0,0.5205882352941177,0.39,julian,126,9.9009900990099e-4,-0.056111572007468635,-0.0313267326732673
reveal,0,0.5205882352941177,0.5,julian,139,9.9009900990099e-4,-0.056111572007468635,0.07867326732673269
reveal,0.81,0.4941666666666667,0.22,julian,149,0.8093861386138614,-0.08253314063491962,-0.2013267326732673
reveal,0.87,0.4941666666666667,0.17,julian,190,0.8692673267326733,-0.08253314063491962,-0.25132673267326733
reveal,0.21,0.5205882352941177,0.65,julian,226,0.21057425742574257,-0.056111572007468635,0.2286732673267327
reveal,0.61,0.5205882352941177,0.72,julian,248,0.6097821782178218,-0.056111572007468635,0.29867326732673266
reveal,1,0.5205882352941177,0.66,julian,259,0.999009900990099,-0.056111572007468635,0.23867326732673272
reveal,0.92,0.5205882352941177,0.63,julian,262,0.9191683168316832,-0.056111572007468635,0.2086732673267327
reveal,1,0.4941666666666667,0.47,julian,271,0.999009900990099,-0.08253314063491962,0.04867326732673266
reveal,0.78,0.5205882352941177,0.64,julian,279,0.7794455445544555,-0.056111572007468635,0.2186732673267327
reveal,0.86,0.4941666666666667,0.31,julian,390,0.8592871287128713,-0.08253314063491962,-0.11132673267326731
reveal,0.79,0.5205882352941177,0.4,julian,459,0.7894257425742575,-0.056111572007468635,-0.02132673267326729
reveal,0.02,0.4941666666666667,0.02,julian,506,0.02095049504950495,-0.08253314063491962,-0.4013267326732673
reveal,0.88,0.4941666666666667,0.51,julian,548,0.8792475247524753,-0.08253314063491962,0.0886732673267327
reveal,0.23,0.4941666666666667,0.15,julian,559,0.23053465346534657,-0.08253314063491962,-0.27132673267326735
reveal,0.48,0.4941666666666667,0.26,julian,570,0.480039603960396,-0.08253314063491962,-0.1613267326732673
reveal,0.24,0.53,0.1,mary,1,0.2405148514851485,-0.046699807301586294,-0.3213267326732673
reveal,0.84,0.7064,1,mary,30,0.8393267326732673,0.1297001926984137,0.5786732673267327
reveal,0.76,0.7064,0.92,mary,235,0.7594851485148515,0.1297001926984137,0.4986732673267327
reveal,0,0.53,0.11,mary,243,9.9009900990099e-4,-0.046699807301586294,-0.3113267326732673
reveal,0.45,0.53,0.25,mary,246,0.4500990099009901,-0.046699807301586294,-0.1713267326732673
reveal,0.56,0.53,0.18,mary,269,0.5598811881188119,-0.046699807301586294,-0.24132673267326732
reveal,0.69,0.7064,0.38,mary,288,0.6896237623762376,0.1297001926984137,-0.04132673267326731
reveal,0.73,0.7064,1,mary,297,0.7295445544554455,0.1297001926984137,0.5786732673267327
reveal,0.23,0.7064,0.92,mary,303,0.23053465346534657,0.1297001926984137,0.4986732673267327
reveal,0.98,0.53,0.27,mary,352,0.979049504950495,-0.046699807301586294,-0.1513267326732673
reveal,0.2,0.53,0.04,mary,408,0.2005940594059406,-0.046699807301586294,-0.38132673267326733
reveal,0.9,0.53,0.04,mary,423,0.8992079207920792,-0.046699807301586294,-0.38132673267326733
reveal,0.22,0.53,0,mary,444,0.22055445544554456,-0.046699807301586294,-0.4213267326732673
reveal,1,0.53,0.11,mary,450,0.999009900990099,-0.046699807301586294,-0.3113267326732673
reveal,0.97,0.7064,0.99,mary,531,0.969069306930693,0.1297001926984137,0.5686732673267327
reveal,0.98,0.53,0.11,mary,532,0.979049504950495,-0.046699807301586294,-0.3113267326732673
reveal,0.97,0.53,0.13,mary,549,0.969069306930693,-0.046699807301586294,-0.2913267326732673
reveal,0.75,0.53,0.1,mary,566,0.7495049504950495,-0.046699807301586294,-0.3213267326732673
reveal,0.95,0.53,0.11,mary,574,0.9491089108910892,-0.046699807301586294,-0.3113267326732673
reveal,0.97,0.6819047619047619,0.5,mia,23,0.969069306930693,0.10520495460317558,0.07867326732673269
reveal,0.26,0.5834375,0.01,mia,68,0.2604752475247525,0.006737692698413733,-0.4113267326732673
reveal,0.39,0.5834375,0.03,mia,96,0.39021782178217823,0.006737692698413733,-0.39132673267326734
reveal,0.74,0.6819047619047619,0.79,mia,102,0.7395247524752475,0.10520495460317558,0.3686732673267327
reveal,0.55,0.5834375,0.1,mia,113,0.54990099009901,0.006737692698413733,-0.3213267326732673
reveal,0.65,0.5834375,0.87,mia,128,0.6497029702970297,0.006737692698413733,0.4486732673267327
reveal,1,0.6819047619047619,0.5,mia,129,0.999009900990099,0.10520495460317558,0.07867326732673269
reveal,0.28,0.5834375,0.01,mia,133,0.28043564356435646,0.006737692698413733,-0.4113267326732673
reveal,0.53,0.6819047619047619,0.57,mia,145,0.529940594059406,0.10520495460317558,0.14867326732673264
reveal,0.31,0.5834375,0.25,mia,147,0.3103762376237624,0.006737692698413733,-0.1713267326732673
reveal,0,0.5834375,0.04,mia,163,9.9009900990099e-4,0.006737692698413733,-0.38132673267326733
reveal,0.93,0.6819047619047619,0.44,mia,202,0.9291485148514852,0.10520495460317558,0.01867326732673269
reveal,0.98,0.5834375,0.09,mia,223,0.979049504950495,0.006737692698413733,-0.3313267326732673
reveal,0.28,0.5834375,0.09,mia,314,0.28043564356435646,0.006737692698413733,-0.3313267326732673
reveal,0.66,0.5834375,0.73,mia,315,0.6596831683168317,0.006737692698413733,0.30867326732673267
reveal,0.88,0.5834375,0.04,mia,360,0.8792475247524753,0.006737692698413733,-0.38132673267326733
reveal,0.18,0.6819047619047619,0.5,mia,376,0.18063366336633663,0.10520495460317558,0.07867326732673269
reveal,0.01,0.5834375,0.19,mia,413,0.01097029702970297,0.006737692698413733,-0.2313267326732673
reveal,0.92,0.6819047619047619,0.37,mia,469,0.9191683168316832,0.10520495460317558,-0.05132673267326732
reveal,0.71,0.5834375,0.58,mia,524,0.7095841584158415,0.006737692698413733,0.15867326732673265
reveal,1,0.5834375,0.3,mia,540,0.999009900990099,0.006737692698413733,-0.12132673267326732
reveal,0.87,0.6819047619047619,0.31,mia,555,0.8692673267326733,0.10520495460317558,-0.11132673267326731
reveal,0,0.5834375,0,mia,557,9.9009900990099e-4,0.006737692698413733,-0.4213267326732673
reveal,0.01,0.5834375,0.11,mia,568,0.01097029702970297,0.006737692698413733,-0.3113267326732673
reveal,0.97,0.7213636363636363,0.98,olivia,17,0.969069306930693,0.14466382906205,0.5586732673267327
reveal,0.3,0.6077777777777778,0,olivia,32,0.3003960396039604,0.03107797047619143,-0.4213267326732673
reveal,0.97,0.7213636363636363,0.76,olivia,35,0.969069306930693,0.14466382906205,0.3386732673267327
reveal,0.86,0.7213636363636363,0.35,olivia,45,0.8592871287128713,0.14466382906205,-0.07132673267326733
reveal,0.78,0.7213636363636363,0.73,olivia,53,0.7794455445544555,0.14466382906205,0.30867326732673267
reveal,0.07,0.6077777777777778,0.34,olivia,57,0.07085148514851486,0.03107797047619143,-0.08132673267326729
reveal,0.03,0.7213636363636363,0.91,olivia,86,0.03093069306930693,0.14466382906205,0.4886732673267327
reveal,0.5,0.6077777777777778,0.2,olivia,89,0.5,0.03107797047619143,-0.2213267326732673
reveal,0.43,0.7213636363636363,0.2,olivia,158,0.4301386138613862,0.14466382906205,-0.2213267326732673
reveal,0.5,0.6077777777777778,0.21,olivia,167,0.5,0.03107797047619143,-0.21132673267326732
reveal,0.83,0.7213636363636363,0.55,olivia,178,0.8293465346534653,0.14466382906205,0.12867326732673273
reveal,0.99,0.6077777777777778,0,olivia,304,0.989029702970297,0.03107797047619143,-0.4213267326732673
reveal,0.95,0.6077777777777778,0.07,olivia,336,0.9491089108910892,0.03107797047619143,-0.3513267326732673
reveal,1,0.7213636363636363,1,olivia,344,0.999009900990099,0.14466382906205,0.5786732673267327
reveal,0.57,0.7213636363636363,0.83,olivia,401,0.5698613861386138,0.14466382906205,0.40867326732673265
reveal,0.78,0.6077777777777778,0.76,olivia,422,0.7794455445544555,0.03107797047619143,0.3386732673267327
reveal,0.91,0.7213636363636363,0.72,olivia,425,0.9091881188118812,0.14466382906205,0.29867326732673266
reveal,0.53,0.6077777777777778,0.48,olivia,446,0.529940594059406,0.03107797047619143,0.05867326732673267
reveal,0.68,0.7213636363636363,0.78,olivia,539,0.6796435643564357,0.14466382906205,0.3586732673267327
reveal,0.79,0.6077777777777778,0.34,olivia,554,0.7894257425742575,0.03107797047619143,-0.08132673267326729
reveal,0.08,0.6077777777777778,0.76,olivia,596,0.08083168316831683,0.03107797047619143,0.3386732673267327
reveal,0.66,0.5460714285714285,0,owen,40,0.6596831683168317,-0.03062837873015778,-0.4213267326732673
reveal,0.02,0.5822727272727273,0.54,owen,41,0.02095049504950495,0.005572919971140955,0.11867326732673272
reveal,0.43,0.5822727272727273,0.94,owen,50,0.4301386138613862,0.005572919971140955,0.5186732673267327
reveal,0.85,0.5460714285714285,0.11,owen,72,0.8493069306930693,-0.03062837873015778,-0.3113267326732673
reveal,0.37,0.5460714285714285,0.07,owen,85,0.37025742574257425,-0.03062837873015778,-0.3513267326732673
reveal,0.12,0.5460714285714285,0.18,owen,93,0.12075247524752476,-0.03062837873015778,-0.24132673267326732
reveal,0.57,0.5822727272727273,0.99,owen,107,0.5698613861386138,0.005572919971140955,0.5686732673267327
reveal,0.18,0.5460714285714285,0.03,owen,111,0.18063366336633663,-0.03062837873015778,-0.39132673267326734
reveal,0.99,0.5460714285714285,0.15,owen,140,0.989029702970297,-0.03062837873015778,-0.27132673267326735
reveal,0.92,0.5460714285714285,0.11,owen,168,0.9191683168316832,-0.03062837873015778,-0.3113267326732673
reveal,0.51,0.5460714285714285,0.21,owen,179,0.509980198019802,-0.03062837873015778,-0.21132673267326732
reveal,1,0.5822727272727273,0.68,owen,197,0.999009900990099,0.005572919971140955,0.25867326732673274
reveal,0.02,0.5822727272727273,0.63,owen,227,0.02095049504950495,0.005572919971140955,0.2086732673267327
reveal,0.2,0.5460714285714285,0.17,owen,283,0.2005940594059406,-0.03062837873015778,-0.25132673267326733
reveal,0.25,0.5822727272727273,0.86,owen,293,0.2504950495049505,0.005572919971140955,0.4386732673267327
reveal,0.02,0.5822727272727273,0.95,owen,317,0.02095049504950495,0.005572919971140955,0.5286732673267327
reveal,0.51,0.5460714285714285,0.16,owen,347,0.509980198019802,-0.03062837873015778,-0.26132673267326734
reveal,0.63,0.5460714285714285,0.19,owen,424,0.6297425742574257,-0.03062837873015778,-0.2313267326732673
reveal,0.93,0.5822727272727273,0.94,owen,432,0.9291485148514852,0.005572919971140955,0.5186732673267327
reveal,0.35,0.5460714285714285,0.1,owen,458,0.3502970297029703,-0.03062837873015778,-0.3213267326732673
reveal,0,0.5822727272727273,1,owen,461,9.9009900990099e-4,0.005572919971140955,0.5786732673267327
reveal,0.76,0.5460714285714285,0.07,owen,464,0.7594851485148515,-0.03062837873015778,-0.3513267326732673
reveal,0.74,0.5460714285714285,0.67,owen,480,0.7395247524752475,-0.03062837873015778,0.24867326732673273
reveal,0,0.5822727272727273,1,owen,498,9.9009900990099e-4,0.005572919971140955,0.5786732673267327
reveal,0.49,0.5460714285714285,0.1,owen,502,0.490019801980198,-0.03062837873015778,-0.3213267326732673
reveal,1,0.5460714285714285,0.3,owen,521,0.999009900990099,-0.03062837873015778,-0.12132673267326732
reveal,0.9,0.5822727272727273,0.57,owen,593,0.8992079207920792,0.005572919971140955,0.14867326732673264
reveal,0.56,0.6269230769230769,0.52,sophia,12,0.5598811881188119,0.050223269621490596,0.0986732673267327
reveal,0.87,0.6269230769230769,0.58,sophia,20,0.8692673267326733,0.050223269621490596,0.15867326732673265
reveal,0.49,0.5671428571428572,0.04,sophia,34,0.490019801980198,-0.00955695015872915,-0.38132673267326733
reveal,1,0.6269230769230769,0.48,sophia,76,0.999009900990099,0.050223269621490596,0.05867326732673267
reveal,0.82,0.5671428571428572,0.09,sophia,78,0.8193663366336633,-0.00955695015872915,-0.3313267326732673
reveal,0.01,0.6269230769230769,0.64,sophia,114,0.01097029702970297,0.050223269621490596,0.2186732673267327
reveal,0.02,0.6269230769230769,0.64,sophia,200,0.02095049504950495,0.050223269621490596,0.2186732673267327
reveal,0.77,0.6269230769230769,0.79,sophia,204,0.7694653465346535,0.050223269621490596,0.3686732673267327
reveal,0.67,0.6269230769230769,0.62,sophia,229,0.6696633663366337,0.050223269621490596,0.19867326732673268
reveal,0.95,0.5671428571428572,0.59,sophia,236,0.9491089108910892,-0.00955695015872915,0.16867326732673266
reveal,0.98,0.6269230769230769,0.24,sophia,257,0.979049504950495,0.050223269621490596,-0.18132673267326732
reveal,0.06,0.5671428571428572,0.06,sophia,263,0.06087128712871287,-0.00955695015872915,-0.3613267326732673
reveal,0.53,0.6269230769230769,0.42,sophia,289,0.529940594059406,0.050223269621490596,-0.001326732673267328
reveal,0.09,0.5671428571428572,0.42,sophia,318,0.0908118811881188,-0.00955695015872915,-0.001326732673267328
reveal,0.99,0.5671428571428572,0.2,sophia,325,0.989029702970297,-0.00955695015872915,-0.2213267326732673
reveal,0.14,0.5671428571428572,0.54,sophia,326,0.14071287128712873,-0.00955695015872915,0.11867326732673272
reveal,0.63,0.6269230769230769,0.49,sophia,328,0.6297425742574257,0.050223269621490596,0.06867326732673268
reveal,0.94,0.6269230769230769,0.7,sophia,350,0.9391287128712872,0.050223269621490596,0.27867326732673264
reveal,0.79,0.6269230769230769,0.71,sophia,364,0.7894257425742575,0.050223269621490596,0.28867326732673265
reveal,0.15,0.6269230769230769,0.73,sophia,465,0.1506930693069307,0.050223269621490596,0.30867326732673267
reveal,0.77,0.5671428571428572,0.48,sophia,477,0.7694653465346535,-0.00955695015872915,0.05867326732673267
reveal,0.77,0.6269230769230769,0.69,sophia,504,0.7694653465346535,0.050223269621490596,0.26867326732673263
reveal,0.72,0.6269230769230769,0.62,sophia,560,0.7195643564356435,0.050223269621490596,0.19867326732673268
reveal,0.41,0.5671428571428572,0.32,sophia,584,0.41017821782178215,-0.00955695015872915,-0.1013267326732673
reveal,0.65,0.72,0.8,tony,2,0.6497029702970297,0.14330019269841365,0.37867326732673273
reveal,0.19,0.4657142857142857,0.28,tony,9,0.19061386138613864,-0.11098552158730063,-0.14132673267326729
reveal,0.75,0.72,0.86,tony,66,0.7495049504950495,0.14330019269841365,0.4386732673267327
reveal,0.78,0.4657142857142857,0,tony,91,0.7794455445544555,-0.11098552158730063,-0.4213267326732673
reveal,0.48,0.72,0.58,tony,95,0.480039603960396,0.14330019269841365,0.15867326732673265
reveal,0,0.72,0.76,tony,98,9.9009900990099e-4,0.14330019269841365,0.3386732673267327
reveal,0.87,0.4657142857142857,0,tony,105,0.8692673267326733,-0.11098552158730063,-0.4213267326732673
reveal,0,0.4657142857142857,0,tony,143,9.9009900990099e-4,-0.11098552158730063,-0.4213267326732673
reveal,0.1,0.4657142857142857,0.07,tony,225,0.1007920792079208,-0.11098552158730063,-0.3513267326732673
reveal,0.67,0.72,0.93,tony,244,0.6696633663366337,0.14330019269841365,0.5086732673267327
reveal,0.49,0.72,0.73,tony,272,0.490019801980198,0.14330019269841365,0.30867326732673267
reveal,0.1,0.72,0.52,tony,334,0.1007920792079208,0.14330019269841365,0.0986732673267327
reveal,0.24,0.72,0.28,tony,362,0.2405148514851485,0.14330019269841365,-0.14132673267326729
reveal,1,0.72,0.81,tony,442,0.999009900990099,0.14330019269841365,0.38867326732673274
reveal,0.7,0.4657142857142857,0.22,tony,447,0.6996039603960396,-0.11098552158730063,-0.2013267326732673
reveal,1,0.72,0.81,tony,485,0.999009900990099,0.14330019269841365,0.38867326732673274
reveal,0,0.4657142857142857,0,tony,501,9.9009900990099e-4,-0.11098552158730063,-0.4213267326732673
reveal,0.23,0.72,0.74,tony,545,0.23053465346534657,0.14330019269841365,0.3186732673267327
reveal,0.77,0.4657142857142857,0.63,tony,564,0.7694653465346535,-0.11098552158730063,0.2086732673267327
reveal,0,0.4657142857142857,0.09,tony,598,9.9009900990099e-4,-0.11098552158730063,-0.3313267326732673
reveal,0.99,0.5410526315789473,0.05,zoe,14,0.989029702970297,-0.03564717572263898,-0.3713267326732673
reveal,0.09,0.5358620689655172,0.91,zoe,65,0.0908118811881188,-0.040837738336069074,0.4886732673267327
reveal,0.1,0.5358620689655172,0.92,zoe,94,0.1007920792079208,-0.040837738336069074,0.4986732673267327
reveal,0.93,0.5358620689655172,0.88,zoe,106,0.9291485148514852,-0.040837738336069074,0.4586732673267327
reveal,0.65,0.5410526315789473,0.01,zoe,115,0.6497029702970297,-0.03564717572263898,-0.4113267326732673
reveal,0.09,0.5410526315789473,0.06,zoe,181,0.0908118811881188,-0.03564717572263898,-0.3613267326732673
reveal,0.59,0.5358620689655172,1,zoe,183,0.5898217821782178,-0.040837738336069074,0.5786732673267327
reveal,0.12,0.5410526315789473,0.25,zoe,210,0.12075247524752476,-0.03564717572263898,-0.1713267326732673
reveal,0.11,0.5358620689655172,0.73,zoe,255,0.11077227722772276,-0.040837738336069074,0.30867326732673267
reveal,1,0.5358620689655172,0.71,zoe,267,0.999009900990099,-0.040837738336069074,0.28867326732673265
reveal,0.05,0.5410526315789473,0.16,zoe,274,0.05089108910891089,-0.03564717572263898,-0.26132673267326734
reveal,0.8,0.5358620689655172,0.82,zoe,282,0.7994059405940594,-0.040837738336069074,0.39867326732673264
reveal,0.4,0.5358620689655172,0.36,zoe,337,0.4001980198019802,-0.040837738336069074,-0.061326732673267326
reveal,0.87,0.5358620689655172,0.56,zoe,338,0.8692673267326733,-0.040837738336069074,0.13867326732673274
reveal,0.76,0.5358620689655172,0.67,zoe,397,0.7594851485148515,-0.040837738336069074,0.24867326732673273
reveal,0.12,0.5410526315789473,0.05,zoe,474,0.12075247524752476,-0.03564717572263898,-0.3713267326732673
reveal,0.99,0.5410526315789473,0.06,zoe,482,0.989029702970297,-0.03564717572263898,-0.3613267326732673
reveal,0.11,0.5358620689655172,0.52,zoe,514,0.11077227722772276,-0.040837738336069074,0.0986732673267327
reveal,0.02,0.5358620689655172,0.53,zoe,537,0.02095049504950495,-0.040837738336069074,0.10867326732673271
reveal,0.52,0.5410526315789473,0.73,zoe,544,0.519960396039604,-0.03564717572263898,0.30867326732673267
reveal,0.97,0.5358620689655172,0.76,zoe,556,0.969069306930693,-0.040837738336069074,0.3386732673267327
reveal,0.18,0.5410526315789473,0.01,zoe,575,0.18063366336633663,-0.03564717572263898,-0.4113267326732673
reveal,0.83,0.5358620689655172,0.99,zoe,589,0.8293465346534653,-0.040837738336069074,0.5686732673267327
